Feature_1,Feature_2,Feature_3,Feature_4,Feature_5,Feature_6,Feature_7,Feature_8,Feature_9,Feature_10,Aprobare_Credit
-2.985695926914347,0.8731896112238267,-0.09443965149526923,0.2661265394674589,-0.675962780403614,1.753466315631935,-0.5989836965489872,1.3630559292687392,0.8317844335863045,1.9530028102176122,0
-0.22345715571606872,-1.0478792580153369,-0.9979248040539238,-0.7448032984852608,-0.5555937092258154,0.07779652946411342,-0.9439091425116013,-0.42222594047037654,1.641088911681203,-0.46962336024094486,1
-4.498044560818027,-0.2286457491411839,-2.313380034756472,-0.4309185357276255,0.09075808516945028,1.6869751799853259,2.0259967480355057,0.2996463836623722,-2.3189952182219944,0.825318461685748,0
-3.0343338064804692,1.3589875356549386,-1.2455930302228635,-0.04389491697680466,-1.2731855500494969,2.9524534906562767,-0.44440242201584135,-1.4745993468205476,-0.6919681230712922,1.499921355363468,0
0.9458393004721877,-1.0159780607506639,0.2901921053190579,-0.18539354668469457,1.0750790205078564,2.209436970550209,-1.212474672197476,-0.5603091891570842,2.3680546309792065,-0.5279403230046915,1
-1.36264598321121,-1.6394949892370356,-2.6459762384466554,-2.263802879712959,-0.2744978192630311,0.6531570060860383,-1.2056048558326777,-1.386656753872233,1.6277266008468443,1.2063987526991586,0
0.6970465363141405,-0.8880449625995952,-0.47368662802233963,-1.37635662450207,0.37384696220934355,1.9333468172267216,-1.0412527084889456,-0.8382743046815956,1.2636618157221287,-2.7178019390172063,1
4.776576929921019,-1.9651688774648797,-0.29834907075243566,0.7695712484504402,2.6275371730633568,-1.2960902142115835,-0.6203889354674497,-1.5954481784676207,0.0653711559580521,-2.385985500059144,1
-3.5937029083060503,-0.8538676002674697,-0.7210899446997576,0.53754580255657,-0.15303360296312518,1.5616370516124847,0.3250806001784461,2.440772536173535,1.4025430854529457,0.001369200249845437,1
1.367083285317995,-1.0331349153926064,-1.7045095615912325,-1.2343325089767594,-0.09002938717522024,-2.257407228674258,-0.41930616807651655,-0.18762745664942404,-1.0777004313352476,-3.5840605337493914,1
-2.210489003557594,1.9694142048487955,0.4475724803589578,2.2741956436766904,2.314510707507377,3.1665734748741654,6.218114021942625,-2.972195901650177,-7.492068032767929,3.1446944849008482,0
-4.903363534990408,0.1930764778262135,-0.7713709701298783,-1.3958652784247987,-2.0041577492164846,2.1292860552019963,1.0432788342851043,0.7409076237007699,0.7726722255262475,1.4150605898898303,0
-6.195631852957312,0.2891764574182315,-1.0699820232071091,-1.4086007649927637,-1.2843058237809717,1.3587307230959769,1.0585699773842598,3.1038266013600957,0.2650569844779549,2.2325215034455956,0
-6.738302114013545,0.987846638562239,-1.8356746917497428,-0.24815937799509916,-2.751793373591294,1.1068696100787034,-0.6765606857143502,3.507740990097665,0.5968848854627449,0.7293494351328094,0
-3.895639709673665,-0.37741028590646725,-1.7033010610831303,-0.9113534014698267,0.01585241306942453,2.7268832281009754,2.0816971180002493,-1.091462203886128,-1.3208011575327316,1.7011084562369434,1
-4.578055861005192,1.0166384808611337,-2.527039770860319,-0.7300262748469055,1.3197424571976801,2.4334827416844345,0.45475731237780437,0.7782656017458532,-3.0294186879898266,3.0084882314196,1
-1.8196769798960026,0.017170888082818546,-2.2945740940850925,-0.995557248420599,0.027385348755907257,1.4070789778938404,-0.22249195226983032,-2.006188138738345,-1.0648476629674013,2.0827344642714785,0
-3.083655401345585,0.9430391393541044,-2.0079778719904047,-1.6846633480743758,-1.9457368868496268,0.697401176806965,-0.47240704543928436,-0.9168629501915689,-0.8664975899010228,1.4188518709188203,0
-3.12739680576415,-0.14228555304868395,-1.947386670065974,2.5162544188267475,0.5766563828451539,3.0217442582875607,0.7210669898909776,-1.0151928083731117,-1.180184084294616,1.231716186204474,0
-0.6170925271485196,-1.480687234627296,-2.336016999515559,0.13387187566579298,0.06618721547722939,1.5739482499855724,-2.8313905230764504,-1.6034979555966764,3.0819844569513517,1.8948778355384608,1
-2.9299595843449295,-0.5599413280223136,-0.5756673375942869,-2.03184459638136,1.176318179226677,1.4211502785956793,1.9561455538880308,1.5927670801424232,-1.050910137783367,0.6795336528468459,1
-5.602982076175067,-0.19783211095537792,-1.4166417412137498,-0.788009867997419,-1.224844756572765,4.338412179614233,1.3918718677968844,-0.41391024852894276,0.5635783640341681,1.4944458220829895,1
-2.014864040176202,-2.645004422134647,-2.1282591144922254,-1.130949966208275,-0.09098250301483013,1.3406070715110936,4.79845249895606,-2.8950599682928804,-2.274549525675613,-2.9174296833280264,0
2.6321610549959202,-0.6489243008098988,0.940456372934724,0.535571661895786,-0.2488744439035303,-2.003110011748852,2.1547126042170075,-2.812439718773849,-0.6993011443961863,0.9556032508191266,0
-1.8556950652188962,-0.3843069452290735,-0.6508065131529562,1.0223997792308048,-1.4641618755495849,0.12800995044416863,1.2191863372667682,-0.757560912253955,0.11727381733655018,0.5693911231877247,0
2.402874141103671,-2.523734235935167,-3.3774330777361503,0.6598800276666624,4.3979688714158085,-0.2653735320176761,-2.8208682711064013,-0.8655637183674019,0.24568004942809685,1.0918802513364825,1
0.5303577930615894,-0.8836434077144484,-2.107700968590148,-0.8762905557334622,0.3238939442981198,-0.3435667791009398,-1.8966607034279261,-0.636630104383753,0.3576142081809105,-1.1563158074473092,1
-2.3158929557564845,-0.43142292272542065,-1.7300656059398383,-0.3746032232298945,-0.1372567034640716,1.5691510371654545,0.568945780895014,-1.1612159053925235,-0.4840164878017692,1.2687141314294306,0
-0.6721936933275545,-2.533168810383814,-2.6093783225636784,0.2884595620461984,-1.8326514464804209,-4.325080928819948,1.5311501500490632,-0.31293015790216583,-0.19303560542021958,-1.5935050998686422,1
-3.996539150600713,-1.564910190677926,-1.4349763630480357,0.4297142789125723,-0.5197313807381736,1.5266053608573475,1.7712286889512612,1.1637924261160915,0.6089977178846095,-0.6535750912463558,1
-2.406091337442302,1.4345953171777817,-1.2571120520976518,-0.010880093506318774,-1.3515695609909648,-0.6459737436105966,1.9942506492769394,-1.2468605185181267,-3.660951082693859,1.7342105484284218,0
-2.57908173155956,-0.5742779916807237,0.6314504090656972,0.08417336702852388,-1.027854048174863,1.4923552795175201,-1.4368973489860717,1.9936361447925903,4.593609100090804,2.9465787817598477,0
4.20745301947405,-1.1861166792256828,-2.045699290102248,-1.1731619040068257,3.5263575389449526,-1.7257330731018783,-1.008603160200347,-1.7646985725528754,-2.707659771874994,-1.7117039051399825,1
-3.0203184094453284,-1.5534699112458674,-2.347111891870644,-0.2851346153344387,0.5747079693330495,0.631083723354551,2.2144305997829052,-0.5723137958816538,-1.2480907519465336,1.4648574642322942,1
0.08610856836621536,-1.0577653963674851,0.21254422484631608,0.6647416792362421,-1.3083866901287413,0.7945360991036432,-0.7975194002059414,-0.7415557481842305,3.100557870431234,-0.7084638534904713,1
-5.622742898750788,-4.340496236391602,-4.712179519904383,-0.39848385746109366,0.33999376382150626,0.4592458404035743,4.045054294913184,0.2583705716232374,-0.9457865329804305,-1.2689766861953404,0
-0.16007047445682746,0.8079693497601749,-0.4827163059934019,0.2025591169599006,2.9219264369105793,-0.7705787964194053,-0.9881118565577243,2.835034495783111,-1.9903856086976823,1.979319397484573,1
-1.8089472548956567,0.9396967775210675,-1.8888961666099784,-0.8536800598882981,2.7119983884773577,0.006831135485942386,-0.8476845181238262,1.8816815927634771,-2.8052989250581253,3.479145546397631,1
-1.0077107232327185,0.58879111266105,-0.5519775658959776,-1.7565695953345155,0.6412456641159705,2.0372719142744566,1.750317433004786,-2.4566589062202953,-2.35625305837846,1.8780385369241048,0
-1.8057259288729386,0.22394120180391053,-0.22677908070781794,-1.0634439954463115,-2.375737110811694,-1.1265047150997023,1.4058127298834882,-0.14920615115891367,-0.37963237072276745,0.03206069345762874,0
-2.5279594581741294,-1.6341247670278964,-1.0573118890699682,-2.661215731438713,-2.3355304594488953,3.458534390746155,4.012308480397552,-5.235732651575046,0.000199904287662811,-0.7265395472052512,1
-0.6755655548431362,0.11878551958792517,1.1147460647379748,-0.0915325667601382,-0.11970287723721829,-1.4538885366630279,-0.9110254529791628,2.932236709172874,2.1447259513826786,2.6463684900937308,0
0.09785498755892796,-2.5642825339906863,-0.23469923102996637,-0.9468386450542855,-0.944960496446474,-1.0166453725757432,1.6852250487475375,-1.471440020358755,2.371404979026655,0.5855287142692757,0
0.456200126005948,2.184116966629715,-0.0580346913436568,0.08790001035433716,-2.9606714848654234,-0.39523169813430026,-1.8249967450178826,-2.6158119123763566,-0.05509698728402623,1.3171439280018031,0
1.047275101159732,-1.447622382988053,0.1188134567752932,1.4668990692847976,-0.19670707846485658,-0.4099797123153178,0.016131443739831886,-0.1398124097918828,1.6427544549150634,-1.9947724024815663,1
-5.23533471023008,-1.6797846787740596,-0.9330649700195796,-2.423311051085561,-2.5926021532410357,4.4393643836480505,3.611640440239692,-2.015629292885989,1.3598276616421896,-1.2553494251443489,1
-2.0486752775059105,-0.42718619940916197,-1.185385293069298,0.03230231081644173,0.13079251994790075,0.8734367639471459,2.3306009716353167,-1.4345584173583732,-1.7837693196594389,1.5625460932716477,0
-4.39570136181411,-1.2615436793255,-1.0795401108362348,0.06666945857068576,-0.9038018506318549,1.0456236770071403,1.5907860521763402,1.2650748611340203,1.3232830025568256,1.9097691528610174,0
6.413865987429396,-3.367435431793823,-1.12788112126376,-0.312956206527299,4.005700888864261,-1.6007293388151678,-3.9921637563178427,-2.047238020827288,3.8222598714469695,1.4184576850812856,1
-0.6664215502889419,-0.093644402084056,0.33955835339498686,-2.002740135114591,1.3689899001486607,0.11114858192783728,-0.09949003096731679,2.561444589707448,0.030142776912603475,-0.03120071095345489,1
-5.513332526833274,-1.1430667585847725,-1.5044195337851318,-0.5401585730122045,0.187822813450365,2.524948965636143,2.204311475571085,1.9337116100645582,-0.004747506985401384,1.0076198848169349,1
-1.360886434762966,-1.8696388102023795,-0.8900700461790974,0.7181740229383656,-0.3572494280817592,-0.34260039604156334,2.862749603534666,-0.79683305189253,-0.371948673928169,-0.5804307955918411,0
-3.34782715474298,-0.6438578791848476,-0.7289777984884158,1.415936315128944,-0.3388514499044849,1.4774801261413066,2.42046178035259,-0.19999217827308646,-0.4378654678244813,1.745067895833777,0
-2.49631717518571,-0.1476017666268321,-1.140738814776879,1.693541152235552,1.9706034112517445,0.6182259471796849,0.7013398135527096,1.9733909624454062,-1.4400026274852937,2.3175012451014276,1
2.133511029273751,0.32667731904530556,0.8306563229492081,-0.2951528510302828,0.55627429907812,0.7405657222963478,-0.5394697019341897,-0.7770988673648684,-0.22339991210502452,-2.3397546938409346,1
-3.0239150190544666,2.059991771225006,-0.65365304226695,1.030822372431733,-1.9682568468388424,2.3988102531270554,-0.3856242466705053,-0.8374494633781561,-1.0645106158960125,0.7304257214339014,0
0.9633014479892712,-2.4939276905781544,-2.2739517491816943,0.9482950010506327,0.8051159141942634,-0.31120140105547744,-1.6979537140512375,-1.3639792438929497,2.234449656158996,0.08449191417112889,1
-2.050139873327181,-2.8342088380349044,-2.516105056765527,0.9508872338425496,0.15279163511028293,0.13382852878161733,1.583450382176383,-0.5573307204430538,0.5230469224204348,-0.7450609174812568,0
-1.2811858863179397,-0.5825701257540975,-1.5537436042478998,1.117922681676716,2.5762033632564876,-1.0095977438463097,0.09413377689329494,2.067408490095957,-1.438032544100185,2.885643154499107,1
-7.783922753748975,-0.9489801177944305,-2.34118524039983,0.40368670517427485,-2.644868606782525,-0.6246059587401016,2.092279972923545,4.4292424832284905,0.22198660867924225,0.0768261802155834,0
-1.157286009616877,-1.3092320139484652,-1.3053994367703752,0.36171831000273014,-0.14648175371583338,0.14911411625876514,0.8160642925274186,-0.5994318468726931,0.2553142178604062,-0.019539571924883203,1
2.1503633552840697,-1.7055588534766895,-1.6181827664776227,-0.15602096209965946,2.294422482409812,0.2742150574981046,-1.9349286139768507,-1.006483991254957,0.9127399082634636,-0.575598883866767,1
-1.2317743181255216,0.9264193557365642,0.21896496708099833,0.3166760916466345,-1.7827384348507573,0.743854982969132,1.2899343963321321,-1.9801987938366064,-0.7143365298813724,1.4464274678327131,0
2.7958498823133877,-2.6298388668102723,-0.01910977921089263,0.1352407412533375,1.413414448537282,0.2168798555919096,-2.057915635988798,-1.1630666222274824,4.4883540308623795,1.0142694171133226,1
3.5171427622197027,1.6270227065036684,0.7528703356476099,1.1713224632245185,4.502073250723998,-2.276904408669872,-1.4337785955369213,2.0160856273526786,-3.35555633953069,2.5806448051321174,1
-0.684573867853758,1.7990016338775316,-1.9942303177667862,1.2187799076190962,3.94381454056224,-0.6472473944316353,-0.7348691122806701,1.6551092029291592,-5.208379454116441,3.6605705752852034,1
-3.0528716516017353,-0.16585635608006136,-2.231856706937865,-0.011799672576654577,-1.039256224335725,2.2735367886573647,0.2789970583424515,-1.950184988944542,-0.3865514328290862,1.113071819292621,1
-0.7154227298275645,1.9437685299633898,-1.075713948031769,2.090768160091921,-2.2280111257570283,0.9216750288214863,-2.051147571358601,-2.6415246807123456,-0.2872051608625745,1.8285415134178664,0
6.275993173643008,-4.321375133476989,-3.0383481352936403,-0.05821943554665704,4.8924994561552975,-3.801960212479889,-2.3083242532111017,-2.8441729352366742,1.2135581083347886,2.369687977296622,1
2.1544364239078884,-0.2119097907129315,2.3680453658210903,0.07124323440624776,2.8074725523875514,-1.2402588362389784,0.5896666681643732,3.3352769848527855,-0.12482962707214429,-0.6205698874197731,1
-1.5276316402852796,-4.2969124628649285,-4.02988713305837,0.4079308174259917,-0.1029680889683211,-2.4446649629173045,0.35806539676208526,0.07097853130918375,1.7799162978649705,-0.9235747257936541,1
-0.7343671322931811,1.026100504932208,-0.2982862183868855,-0.2968705819076378,-0.8522564866333983,1.5188211084427006,0.7398816509605599,-2.935767435472542,-1.1939692849965344,2.1804292778580696,0
-3.2663682993787884,-0.7614997782647268,-2.3374335312917918,0.059263162290103526,-0.03681163191581027,2.067052364223584,3.1973435165299904,-2.4745951811206375,-2.80237876010281,0.5537771069087416,1
-4.570421908701858,2.078977559202252,-0.9431444110971439,-0.7797736290229913,-2.857220941866839,2.408795974308891,0.20586658472683161,-0.5548618319295074,-1.0095608017277338,1.2574664378726752,0
-4.606188698693185,2.6171575857318463,0.8831604508430291,0.7193506443302408,-2.2612489612356286,2.468352914325292,3.0736137897493023,0.4254807561826366,-3.0330201503748864,0.07981378114454585,0
-0.5161087691411668,2.0283526922564805,1.6120851250212755,-0.49990260179795065,-4.600720226013641,-1.9337324953657857,0.8601785802657543,-1.0628406006504323,-0.003016315801938063,0.15653710861494374,0
-6.59109974076318,-0.4478491848097711,-1.8018846730019096,0.41492758580281297,-2.2055307529327384,2.112231537949365,0.1615653923638114,1.7682717770999061,2.229285324181464,2.993248363761521,0
-2.3439982245621813,-0.18030591386522718,-0.8311986907691526,-0.6718704045251006,-1.3044624322667726,1.0158577948901462,0.46910154368611356,-0.1780661658929158,0.3934664471318434,-0.007654934755904952,0
-0.9716128524288079,-0.7070329424478438,0.6977029302796067,1.747721790903919,0.7315913285401852,1.88694563399227,3.154100065497206,-0.9223175592293328,-0.9173010494542859,-0.04452439422367216,0
-0.3932625503692101,-1.5583002351081583,-3.1760982800582473,-0.3609618267276576,0.7819497954191545,0.09248673147046671,-1.3399801823577087,-1.2933614754869849,0.04381880285446205,-0.05364529916229366,1
-0.7485816308527352,-1.7002548130644313,-1.3075213704058768,-0.4425166161522406,1.0182272234899936,-0.5542509826405764,-1.892455119729349,1.5585686464308184,2.857023330341213,2.493947576804361,0
-6.132531715064205,-1.056890904755382,-1.6029011310549035,-0.8920055703726477,-2.200622243417398,4.358826840871312,2.407517653284696,-0.6164055994061068,0.9647937823780701,-0.657409360823459,1
-5.675756048002973,2.6854497758032716,-0.21789385177132492,1.195511163471549,-1.8520848222232669,2.6365525807424977,3.3442613940407324,0.25513695326215546,-4.2170078039507715,1.0323147388623852,0
0.19373947673806102,1.6035420479674025,-0.4840921927066746,0.8937287142425357,-0.6899714918141626,1.3415749563109325,-0.25453890228877696,-3.6216623770529393,-1.585107806894996,2.5661424033142604,0
0.22534958516508205,1.4952602562487372,-1.3637660876555602,-0.7106155194142298,4.338244923995627,-2.248008317051638,-3.000197582389834,4.508681633554096,-2.8142867214141143,3.737868697972846,1
0.9989599892702232,0.2912372248868412,0.52986187222268,-0.6154791704055079,3.225431150580304,-1.1098300092579696,0.2914890215258856,2.4313156523257975,-1.9748590182579973,1.3156753616265688,1
-4.566750670562208,-0.01822096217946592,-0.9301792585248967,-0.00016778429770210248,-1.8697899304832528,0.594313016396599,-0.05650741918042468,2.218433626439108,1.5394258677982346,1.714161179186119,0
-3.190251032725796,-1.2283620227743657,-0.9636885435221765,-0.9614083134818096,-1.4134290208530975,0.3220180742552383,1.8808849351625856,0.4462114495351588,0.6490392158853167,-0.04783498745479298,0
-1.3005005254996207,-2.076061838870836,2.023371995780978,-0.33137609115020145,-1.7220249299483603,2.5699734214055585,3.8899030260867224,-0.6682662612780268,2.480185177916076,-3.809395388940829,1
0.11340870047669122,-3.4951886579969123,-1.3764568447259478,-0.1858533951401954,-0.6118232514162771,-1.028073498255285,-0.9242358517821113,-0.4481270826482452,4.725616878266392,0.484216354435262,1
-8.297776417919938,2.5935333893855925,-0.08422607271883742,-0.782175109723197,-3.4001472816981697,1.252427852630597,1.88605332966891,4.469776682744222,-1.4200918885134528,1.6803772162406285,0
-2.1391318813820512,-3.6291270115612724,-2.5961332605656917,-0.6466496858988442,-0.6864962111480669,1.1540418301340443,2.9508193489599615,-2.643934635454025,0.8330908188749053,-1.7320229965381428,0
5.930419574126123,0.07546514737541433,0.4789576186959841,0.654914044650244,3.0498826026930415,1.0420607182189086,-4.00367305287908,-2.294481916453559,1.0772332283457733,-0.801388013084387,1
3.1867292131540377,0.7178530274895871,3.3306076825481767,0.0687034027240177,-0.010550222698342937,1.6029225198454382,0.06042494318539893,-0.3713983398249231,1.0194542032245832,-4.0557733870601655,1
-5.212300403208246,-1.7227411716631726,-2.2691877280202215,0.8331776411394392,-2.197801801430752,1.3386180981652795,1.614793357806628,0.3700330898768269,1.3380335472980789,-0.13199191800509325,0
0.2543653659988527,-0.41060735317635266,1.5043004105442614,-0.692926167769381,0.5511777649637493,1.596968105488367,1.5459256277871591,-1.5187459503860805,1.1195873456084637,2.7592397415678875,0
-7.597929102023216,0.8693964742744438,-2.6984953579412094,-0.2978027395333092,-2.6305081238930583,-0.17736147104505617,0.7527759336719885,4.2516182700254355,-1.620342977486632,-0.3506063996714659,0
-1.7435668709127274,0.8871328396285678,-0.5244278625477896,0.0890497819039576,3.210869745266194,0.49568183163569024,0.6806320565317847,2.7488950460347246,-3.1169615634464143,2.413791607450309,1
-3.8635246212951357,-0.1242152548365647,-2.8252498242716344,0.6785505539294436,1.1883935685051514,0.7482665951569819,-0.29869284404257335,1.5922456681989674,-1.4434134842859203,2.6947424128831887,1
-2.5665776107490617,-0.372298683740417,-2.4709983614095137,0.27452422978450874,-1.4183978246833855,-1.1258570430971142,0.7989339013425997,-0.9567888824904004,-1.1896429518898373,1.7014657397655533,0
-1.6138711959730794,-3.2635387200390626,-3.6680750081325244,2.3534452192180813,-1.3350535960513557,-3.451393527651311,0.5908588044707983,-0.10142444797940975,0.9333961756700441,-0.7001399995547883,1
-0.4644480353554428,-1.1669499800989367,-0.06888105634185182,-0.7190645637799731,-0.3383556632540835,1.144999474000498,1.768474862966593,-1.6226872885216284,0.44175400599313985,-0.5102869035397601,0
-2.6735791829214057,-0.8880145398501473,-0.7135839659176944,0.5638016995012187,1.4243783196831001,0.8123556000301672,2.348665517463195,1.7717255722014953,-1.4275854263866008,0.2160248932563762,0
-3.4957851347278472,0.10543080997116931,-2.55544701852307,-0.9378359045514608,1.635351427998245,0.26978408468738346,-0.4707986668451465,2.60493865065117,-1.8845515837985198,1.9305178508371448,1
0.441823621437962,1.6147140911772628,-2.454634229118735,-0.6635562037674121,3.326920514275832,-1.5437179230018967,-2.5028475817710443,0.8535723497966773,-3.81959023970879,4.25813433608354,1
-3.6206587303869755,2.662410133522292,-1.1868383165706924,-1.1955805299679525,-0.02546831456571952,3.1592827789244713,2.4145060858745793,-2.5429857376871547,-5.214483371886685,3.2262318129126255,0
1.502135538654891,0.458711005239962,1.2371150607047232,1.9500878345031205,2.779346370543086,-1.5399157322431236,-1.6567440070271502,4.209565758664847,0.0915551287719083,0.4893219794390258,0
-1.302845770700985,-1.756127418059353,-1.3890135818820508,0.412110944474343,-0.692270239765725,0.7394711902536082,-0.25746177788030555,-0.3070510866423384,2.0200885672860327,-0.9498836809019807,1
-1.6556008258959145,-5.114334497912671,-3.101467885777248,-1.5118080575291952,0.18059137898277,-1.1377960253502462,3.6385023641628313,-1.1380136770418199,0.8039008204430568,-2.496696690444943,0
-3.237684287705352,0.18154586348472143,-1.5851653513943544,0.6795355951937535,-0.1207589225174357,2.8960599210033684,1.8139182685252422,-1.8620222061836524,-1.8904662556524952,1.3416175049214112,1
-0.5379175724690679,1.59046619654904,-0.6344491408525961,-1.1152549257506315,5.101151075233688,-1.9481810677480889,-2.40066667840925,6.452143134795776,-2.9586149444813143,3.5800278931040386,1
-6.438083349010899,-1.5234033771953646,-2.1411031011061943,-0.27893783544426104,-2.4500380606035566,1.7356502554753983,2.3967789515668922,0.5924348189087154,1.1443156754971744,0.961157413161942,0
0.5547656928144205,-0.881087669883327,-0.7985403312245297,2.2245405932093676,-0.016182012574079474,0.12915570052635883,-0.9798274633599674,-1.8715465783443839,1.688068408698546,2.39412794643955,1
4.5393322051811005,-3.0210406487612014,-0.4811673520184928,1.3152847450887883,2.8772478555271173,-1.2831509831941377,-2.356350929970752,-1.786186058174419,3.7643618010671105,2.6573607637610754,1
2.4924463408681787,-3.488077104754277,-2.4923488504154077,-0.08201353992087752,1.2324278227429952,-3.0017878656828807,-1.2759320506751304,-0.778976592273193,1.8763611395397701,-0.9656275552165449,1
-1.5966085944743853,0.3369317915219702,-0.6275804468355544,-0.07128274014745264,1.1850477111060305,0.6826285184190402,3.1730514002935917,-0.5062211856386343,-3.9744460758174545,0.3217596846466384,0
-0.3163369856539611,-0.9258069269153527,-0.08493420965922238,1.36185810044934,0.027599283157106358,0.9907166040798807,2.160869110354069,-1.7016489590329504,-0.5102859593932126,-0.4814207724137012,1
-4.254980628438695,0.9468993089114572,-1.7383949353517991,-0.01745433946576137,-1.2796530258343832,3.455076239709394,0.05996394161670848,-1.309961419222828,-0.5761307177951315,1.9673877299053322,0
-3.3551199404407375,0.015716381668076942,-1.6866156552331943,0.6348051321182139,0.841735754991231,5.024123058002678,0.6006208130514088,-2.1583688174817404,-0.6044462363504104,2.2440350298850342,0
-2.3486185640926642,0.662017132421847,-2.1321693951397753,0.9909838638422973,-0.7580616993660817,1.6719208989646237,-0.8274441424017145,-1.4895819918070594,-0.8491142423028233,1.479722955135553,0
-5.761064637613273,-1.6983678190396845,-2.3402393823525376,-0.6050775575298217,-1.6331924643832942,0.7871866242842764,2.0712086555220512,1.5538269418578508,0.6287419226636801,0.19218579383698808,0
3.6236745255931426,-0.35740282314974287,0.39583796669972493,0.06281534035563342,1.1571588078966408,-0.250416167574138,-1.4292347664195542,-1.9135784846755919,0.6667754944405333,-0.3568005748234926,1
-2.3905699201862376,0.4624732174742896,-3.2830537904593156,-2.094400023706706,2.4663876665306175,-0.5288943358871505,-0.2103134867258445,1.1690268034933087,-4.011121426464564,2.7230705292354047,1
0.8807073101021988,-1.3312309989086466,-0.13990982761577508,-0.13891250934826066,0.8182509362386292,0.9063291038484342,1.4532916541505632,-2.6426526242541692,0.2611531852772826,1.19783829218085,0
2.632875888229693,-1.201074845165412,-1.9831188720703399,-0.2885040434220106,2.2579823708606703,-0.2304531980367286,-2.5308553737915505,-1.6409341769312062,0.31320855061800834,0.21487703236206057,1
-6.974753456968783,0.945950838638283,-2.325953140751497,1.095861797685209,-1.9094147941312323,0.0958630400372179,-2.9249059320612147,6.387693661647482,1.6749945065861116,1.0240924132775036,0
-3.7104642345482235,1.8741255142623403,-1.7933496517257055,0.3801688326159939,1.0615063290116264,3.9220561665747926,2.30899535221858,-2.5846108970257564,-4.9553682086359165,3.285015791930491,0
-0.6026245950641558,-2.6073827658675817,-0.6880472199499972,0.8250484130227661,0.263865295242097,-0.6057660365452269,2.1801528438324365,-0.4009451401936781,1.068701289401311,-0.013160971620070683,0
0.5711255102845502,0.7352683782365966,0.8756886832767747,1.5105867748075572,3.613439522093301,-1.5409861870075736,-1.9652577430765494,5.4903357317745085,-0.3692108347657711,1.808430647883584,1
-1.057080467822294,0.35717691537807394,-0.8898323192155779,0.9754137319288797,-1.6113893998489717,-0.21248788554628795,-0.08549308891601193,-1.177879298622443,-0.1805430654139899,0.6775500448080888,0
2.8098489602862013,-2.102456041826813,-2.793933991341597,-0.8246305491888979,3.5771090882842764,-0.2875610930208523,-2.078034714647326,-2.0701443599794103,-0.13634873608548803,1.083829008802494,1
-1.815636199995611,-0.8710100450366659,-0.6553108826067758,0.5718870333881354,0.2518792198317914,1.2985468006117047,2.595121977142392,-1.365071409409865,-0.9575666111318123,1.2140346367447228,0
-5.61233455358781,2.3125475739571497,0.012141022718909156,-0.14160203672353766,-1.6288493386546197,2.371160641652222,4.070201893474745,0.47129222543547855,-4.300098307472233,0.848970124021448,0
-7.66973439568783,0.2979500333615657,-4.396672768609425,-0.7715551100086139,-1.5126854896313864,2.511058177533463,-0.02288791073140839,1.1230564246124657,-1.5289696405064173,1.4455080896243866,0
-0.5094343552941238,-1.6708498403533503,-2.6025147784237266,-0.7069078153990476,0.3713196741148235,0.42694386345328406,-0.8292555320858681,-2.12753378471596,0.901966450164063,1.6435518702327743,0
-2.690858611854947,0.0034073799242366506,0.023739408236448822,-0.07656087361735922,-1.3707408615868268,0.24204804555668924,1.2999186003301642,0.8093463160091174,0.40100463995216307,1.1269016891150538,0
2.5694997277855594,-2.5454092657584915,-2.6390894963440603,-1.6533649023951265,3.0005736166027375,-1.2267467546440554,-0.781723753562195,-1.8341606993436301,-0.46874256696100836,0.18036420208935922,1
-6.585659634816042,-1.1820812113933656,-2.8003888077946026,-1.6722479888499788,0.010486096527661193,1.7671700917272721,2.643803127309008,1.4539321943947245,-1.141113547610456,2.519021808793661,0
-4.939869617718011,-1.677802830782793,-2.7884935903182804,1.2306113342417238,-1.597703791242001,1.540814143315496,0.07899783281091743,0.5931086314676275,1.9304804704844951,0.6267184610769116,0
4.369578985453111,-2.9362287280083117,-1.9270695407203107,1.4372909098618625,2.566912630785897,-2.596917089437381,-1.8542632165934523,-1.48779938770077,1.1500894909612507,-0.7801991301758286,1
-3.103694252946412,-0.10998786197782706,-0.8356499688532449,-1.448627592489601,-2.1007532973164453,-0.9755924767497475,0.2535612406576472,2.479935524007924,0.44175126290453814,-1.5056347435079411,0
-4.561280940152545,2.9109795890797883,-0.5661593784614711,0.5699608325876843,-1.7018240666335387,4.768492645980103,0.4749824860687425,-1.6929567550624849,-2.101544212826468,2.1526840506109197,0
-2.176854728583958,0.0601479550524259,-0.5412612674969071,-1.5403710209323687,-0.23299322457476235,1.8582518527697414,2.1604016894541487,-1.6114186896032527,-1.33321596617507,1.5229080475759815,0
-1.1577961513317645,-0.3354117079302091,-1.9881190874322723,0.3852578168535799,-1.5648248880787348,-1.0924009486589163,-0.5440958682175736,-1.306436090674325,0.09459025518321518,1.206644010528697,0
-0.21306589570404183,-0.43116272114569926,0.7376535032995899,-1.5079677793707558,-1.5393347538336961,1.3089932329902108,-0.6060986848493719,-1.1925172300838591,3.077626242020864,0.8289193117374553,0
-1.7745469376901348,-1.446055341513949,-0.29004256518615834,0.10480288660666774,-0.7629600584032102,1.5528303070805478,2.063655329336238,-1.0218979154909884,0.9479339296948244,-0.511460933388945,0
1.2154913961551237,-2.8961712575152516,-3.5977985827046766,-0.49493441551827644,0.9087947114307334,-3.3289574837753504,-0.618345250479706,-1.3164351991949932,-0.07512548172942601,0.037491437552409135,1
2.5382919890435875,-4.501260284388541,-3.231217851489562,1.2680687931238084,1.9511027392693898,-3.9109974083846843,-1.1936584714598906,-0.34959502878969917,2.0975477284120565,-0.5158355270868763,1
-3.2209293651493422,0.47991065045656867,-1.2274546840718508,0.10031029957813004,-4.575574067894436,-0.7003639288031962,-1.3535412568301228,0.027229658829200254,2.2676467096886044,0.3234263048571069,0
0.6965841825221413,-1.676039934319787,-0.058114050972931985,0.034103629887237495,0.656587846810994,-0.3955091647634923,-1.0007265731462471,0.39388017383861607,2.9365909147679563,1.346300690652364,0
1.5533848770782697,-1.7259283466470565,-0.028197935493306625,1.1406152191983154,-0.8898906837799365,-0.4531871171865808,-1.1283868271767092,-0.8222933354343369,3.1847261694648465,-1.760486873679137,1
0.14352160147799525,0.03015575177187757,-1.030413431073487,-0.15886569140798418,-0.030240387201358576,0.9616807494058632,-0.8626839623335194,-1.3358096237507868,-0.25935056672503354,-0.7098532549729115,1
-1.2686596539136528,2.01432595002798,-0.835630804388714,0.7014073575373413,-2.6274497219915314,-1.2824410420996197,0.13916853471175417,-1.6328696822093978,-2.1975048507946555,1.5773270286894134,0
-4.130521718511418,2.221177123263606,0.5876550504320917,0.10372826568219072,-2.989095226163451,0.47329225014012166,-1.9017746509724978,3.4820996577173604,1.8386695781894677,1.6099104548260774,0
-2.486956809446758,-0.32431755733385426,-1.6576197053686674,-0.35450648802498275,-1.9150329641888502,0.1652953092376488,-0.2961440041381933,-0.43556546213458147,0.7588345323349299,0.5345669558229686,0
-3.6268803502387,-1.3381799246088006,-1.806941505872014,1.0624952635468503,-0.5352785187609845,1.977701554800848,2.392516904735472,-1.0390440576095101,-0.445546240879398,0.40326084927757033,1
5.10350340416571,-3.074702191519147,0.5408266718070407,1.2165778961178244,1.8822300555681775,-2.442615723036442,-0.7420323558770198,-1.4208515308709462,3.1068048693234904,-0.0670458516080108,1
1.8094892226105979,-6.13762709510959,-3.7137668677754565,-0.6533920779301551,0.594123293785159,-7.081340496242232,1.5406703501919083,-0.3524424857815398,1.9165046599696116,-0.2455387496482151,1
-1.7415049147386046,1.646867406450229,0.9830846417646137,0.018397067139599228,-0.46281212927485715,1.0449202816091223,-1.2835303952773573,2.053784516228755,0.8826810232878635,2.0872673232738403,0
4.2184435835113705,-0.6589520988558295,-2.2430680578552864,0.38106523970235157,3.537566468883481,-1.0975459635536053,-2.9066608622330032,-1.7339926392319644,-1.6561479940605053,-0.42139547069335737,1
1.305929147315188,-3.6251234843124815,-2.860874224935726,1.155911725944232,1.5356896680957537,-2.2190585865348664,-0.5097135879315374,-0.4914369292471287,1.276137817989738,-1.0265345231761687,1
-11.082178556165518,-0.3714608853634247,-2.920782786470733,0.10693893988841995,-4.45348470473502,2.7269508928223134,3.4954839635148436,2.224437458058948,-0.00711734213961801,1.1103781979698055,0
-3.9693304738019513,0.4185652962394878,-1.0022884062969213,1.8296079171122799,-1.54137472911834,2.2186338703780226,0.943250946848158,-0.036871954166926124,-0.28053434413599954,0.4866233359453498,0
-2.23088462612242,-0.8972197845854456,-1.1768424799123733,-0.9526160494151312,-0.283322278668229,1.1027832377334754,0.7214544623036541,-0.0005455697385350344,0.3784381748548793,0.17552124364344202,1
-2.6509437503229254,2.3591663574203183,0.4297582756691558,0.9736735066339967,-0.609566817965813,0.7205213240400529,2.1810771108919904,1.2255240235076519,-4.017429795458926,-0.6657045118882261,0
-4.826240119864755,-2.0567221907343516,-2.8433262311099234,-0.0813487119111878,0.3776053752853381,1.7322491226001047,2.8253425203915574,0.07877408645503481,-0.9688924242591064,0.7696481459812101,0
1.0084692788248244,-2.3534967494598606,-1.1198299071448092,-0.1859216461190299,-0.6581144652048914,-2.4799890656000985,0.6309731220572397,-0.6289687351335475,1.128217800075581,-1.7240707863304798,1
1.2620727627638346,0.8525533533030646,0.7344788975185439,-0.39238804147479994,2.876892803500075,-1.1554654431189078,-1.2861248290138025,3.263916136975697,-1.167765182027074,0.8254387982370276,1
-0.3612190281528926,-1.2476823240140271,-0.8676849426880855,-0.9975113738764356,1.0764201085583258,-0.5945091360572796,1.5179533499426467,0.05400980377508957,-0.9405769530675587,0.048270006513745245,1
0.6404435788600097,-1.2440089469807039,2.071005486577712,0.501363585435558,-0.11752617600374748,1.8218275784249367,-1.2820315372346398,-0.03201526739178284,5.674748570972276,2.759404276880476,0
-1.8640758531902042,-1.7021524284195881,-0.569562808167096,-0.5471881021358146,-0.1278745600522705,-0.10410426447611365,2.87406889225799,0.09870385343872567,-0.21183285814876784,-0.23417638226972404,0
-5.536106138182069,-1.9341547955953429,-2.4271175421454934,0.6380438724966973,-1.5392804532137405,-0.18432309841539452,3.1463474469975465,1.4042311738389661,-0.37524855739035723,-0.043445618662047325,0
2.7760076248713768,-3.540489469170919,0.1756099052544371,0.9356856223233899,0.4729067691365806,-2.2190824129905273,0.6157117731727508,-0.6368779427237534,3.276715827394841,-1.313010761018826,1
-0.881414715569739,2.0608833474846415,1.8206326895167129,-0.2286197935087975,-0.8995950276594955,1.2719262617944977,3.300317413400374,-1.4499725148471598,-3.1796802289463315,0.45017612171159094,0
-3.7930532076386574,-1.3299197345293137,-1.0261487583438158,-1.152139930740184,-0.6082435754233806,0.7235619649271519,-0.6479281197780766,2.3843655952168845,3.250810152204289,2.6748039030309587,0
0.41921943398096656,-1.0257628480549494,-0.6603318823202422,0.043883037010943024,-0.6671117126066202,1.438484328078304,-1.948225475123743,-0.7380802876486442,2.6661179838614686,-2.2514535340318576,1
-5.84684009856351,-1.5430951024318085,-1.9343877226558326,-1.9232937211127745,-2.2899201603560413,4.339015024591102,3.4813700472471325,-2.3222600865257688,0.45123821651828044,-0.19897624672327363,1
-3.10768544982157,2.0440100420190035,-1.254475187110459,0.23753886359377424,-1.8930067034207627,0.18600417875753872,1.0792510214681086,-0.7679673947227912,-3.231253712218472,1.298702126233276,0
-2.040590345310154,-0.9849801349724664,-2.7420393731424237,0.635930438684916,-1.2320715950447858,-1.722093255453506,1.0296640192876687,-0.7522272567791349,-1.374415270280445,0.05578299393682906,1
-1.4203901307864732,0.6576996824579202,-0.7392187067791276,-0.31556129000199384,1.3933781539515397,2.7518813431362568,1.901694979064767,-1.964365357584842,-3.0145720124960746,1.4186468861599975,0
1.7035196452411383,-3.180809966648121,-3.03453969568009,1.276104181985889,0.5668828454459378,-4.648806081051544,0.38323054475654295,-0.5289831961255369,-0.47772674522448466,-1.7403467072565424,1
-0.05218323332760259,-0.629575928657919,-0.04604779887372623,-0.9028217498756387,-0.21249941127528682,0.09082119195168559,1.1587451312243437,-0.9156566443892419,-0.05960272488913543,-0.19864069927325345,0
-3.736950060273149,-0.6771722161544016,-2.4605219183444618,-0.7674101615257342,-2.2900872974796638,-1.6770722284789015,0.9726798460511946,0.6461031460898359,-0.48811617595374734,0.5403699396779883,0
-5.862422615895673,-1.3150000868830287,-2.766651853966419,-1.2468838730389638,-0.5579110498397584,2.1134818948290484,2.072523117376025,1.25315428058147,-0.7372458498118242,-0.4119064541318631,1
-3.5157982265253143,0.5712469985480045,-1.3731829028599363,1.356251046698584,2.1081269467589063,1.422807208451273,0.983092138014746,2.382523356021824,-2.733485323404576,1.8834151258643446,1
2.0050714778765975,-0.47033341281564056,1.214947855608333,2.5125788340651387,3.378154670743529,-1.747872708407166,1.158971814752675,2.242121053614569,-1.4765618731603463,0.7929358398970701,1
-2.1516998464242763,-2.799812980156509,-1.2036110424869855,1.0977298412341334,-0.4991663547408919,1.3249937397810014,1.1445065317415877,-1.2376232421145792,3.183464886743421,2.0102593999030978,0
-5.779687423034776,1.111042484881367,-3.494185777270554,0.30967527860186056,0.065285115152663,5.4610875715199265,-0.5725172848131643,-1.750658973771367,-1.7479487921114065,3.143668083418179,0
-0.7045718551454465,-0.43952709434040704,1.4519880809992736,-0.3290791733520539,-2.2612551293427607,2.7593511405747777,-1.7634603496044863,-0.9522820782666683,5.631028629645211,1.3536583120438608,1
-1.5340204722182695,-0.5816189315823945,-0.736679873396721,0.2874585614568295,-1.5046616349192792,2.041332062209838,-0.7698903968380817,-1.571390343802279,2.409230195601307,0.8363526083259992,0
-1.673237237709925,-1.2986003621027264,0.4529469571580209,-1.1942910416413413,-0.36183079750148317,1.0790803506808455,-1.967530289843256,1.7169261138276068,5.467106426757523,3.7463102714011645,0
-0.9682603063423411,0.26600581605774243,-0.23794822138533311,0.6695087690063383,0.9639995726604565,1.5313552522427778,1.1670375968741558,-0.7678920518106163,-1.4108330880044204,1.3841912410397221,1
-2.606480173162734,-3.007518839743609,-1.7361925008355605,-1.4500515415149402,-0.2892283999731594,1.4622812566259158,0.9244346219712454,-0.19563303658267905,2.8226328904927267,-0.035670967569092715,0
2.165056776231909,-2.4998788549837374,-0.23456477513788798,-1.0350513657251508,1.2795991028970408,-0.7287264629997887,0.12638649482851827,-0.6833139977951832,1.8320351248214357,-1.0893337991940242,0
-2.62842766801815,0.9151768050941376,-1.3721040027063578,0.3747538732025073,-0.2707215075831688,1.867009201894958,1.0295774297120561,-1.2922946391564256,-2.2767720085976695,1.4237939077456343,0
-3.0260391624227205,0.5467680308231234,-1.427340858915933,0.46078240771441603,0.3394220092403677,2.0474945803157385,2.3473309044494766,-1.5005603465169397,-3.0576856928376652,1.9568061428633918,0
0.14402277578036943,-2.3696186516425044,-0.653928000340108,0.07638349350346328,0.9140834654440637,0.332800450750938,0.1562456505227452,-0.4493221480810923,2.364097409196205,0.8199033157390989,0
0.28067230608347815,-4.171472148383959,-2.5070046204961547,0.4377385720467934,1.1294947310871915,-0.6241022764943227,2.849888941603372,-2.3801466797270554,-0.014191317711048423,-1.9670438345459207,0
-3.8789123437146165,-3.559672675825105,-3.094303296826034,-0.011988392780742832,-1.1339508716768234,2.189203103314585,1.6998070263882337,-1.6113357981914938,2.304088966771563,-0.8559041667427292,0
-1.5706425044144323,-2.057285848368488,-0.805891683688686,-0.5052999305748441,-3.2072466835227402,-1.7797485957498056,1.3250557035848889,-0.5033433934212808,2.4754595507967587,-1.1568267045500007,1
-0.7829724587130007,-0.7996683974040089,1.312306333492617,1.667911920967461,-1.3093486206407698,1.7027615415796702,-1.1539929967179527,0.29745036216230636,4.865275169593008,1.551373742725119,0
-2.463780384116529,0.5847637159803148,-0.36660547703383506,-1.0179366290638778,-0.7734427935710684,0.5599280965758489,2.148305034627782,0.1203729261537958,-2.089580490831157,-0.1285340223549054,0
0.9235875771495117,-3.6924600081551757,-3.2958797684336782,-0.12038253045668243,0.030160479669625206,-3.52371614943769,-0.48776516855555474,-1.0191832042604436,1.6503183961980714,-0.42915406904211106,1
1.6271993704614849,-1.2533756662557645,1.9259010532500498,1.1579319996017197,0.9809276530556298,-1.157171886631665,0.18277341409694414,2.691347240545698,2.1495013563582788,-1.856362335100505,1
1.8612505390507694,-0.49887239701284586,-0.09689522722273991,0.9741756689918069,0.20590085231543243,-0.37302776675726856,0.7368181496653138,-3.123285133899835,-0.3559847470240656,1.4678129237455293,0
-1.5433921528171919,-0.9480890546415931,-0.14717891729523824,0.3231778795162052,0.1680542653506476,1.3404030710544685,1.7513408436014086,-0.2749294238973512,0.22055310507799297,0.2649707473265357,1
-7.3484128490194465,-0.02166867997934246,-3.1755075642091457,0.2731505874982016,-2.3003183692899603,1.0528319809178348,1.0681815839344964,2.842912144348447,-1.2173388767104258,-1.1207336066663132,0
5.620218851525425,-0.7485447658680674,-0.3190124785021108,0.15921470609192337,4.758495781227724,0.1681800232323889,-2.4529078990709365,-1.6893591266578292,-0.728553186694852,-0.24924294193875662,1
5.480697631809813,-1.802354291425323,0.20807668403014712,1.318006763462094,2.7510225195649483,-1.4910953298838234,-1.1014336341755162,-1.5869321835438175,0.6013891744186808,-1.7807321438480936,1
-4.917264010334412,-2.047388467502293,-0.8584094189041831,0.4675944340142803,-2.510351584334377,4.484701785029471,4.4433206179413585,-3.0972927519546483,1.2325809319110501,-0.6297564907975146,1
-1.1339384424749703,-0.06475874889957327,-1.1333975743050193,0.07064940806056073,2.426771428871954,-0.5358325813911724,0.3293546333810613,2.025517232439055,-2.067179411869863,1.7062296125742602,1
-5.180519308454289,-6.289625159591794,-4.266893517179214,-0.7129298137745044,-0.9166909753113931,-0.39265280250579204,2.8013564990325657,0.38338389286488317,4.0439079425195725,0.132214130419255,0
-4.392083925452731,0.3016816372086081,-2.1100862997084118,-2.1112942002051245,0.220490505368505,2.526721151665613,1.035624509322578,0.36844410762019564,-1.9208957644841482,1.0161737873710524,1
-1.3392088673623146,1.0090293046941756,0.7164364432583497,-0.3572560390672787,-1.1479482885447618,1.516589366536992,2.3403140682090644,-2.0775736545174857,-1.4417151374708006,1.4334515409686475,0
3.4108584886813293,-0.37230723740432725,0.48021141519415567,-1.8291809410848006,-0.43820516724595704,-1.086553385637656,-1.2554042787792397,-0.7276235263252614,0.5430051354400082,-4.821811302162567,1
-6.160068780871823,0.33704962426903223,-2.400787480566346,-2.5203484743370237,-1.0293038192975237,3.5325916729997693,0.8000733114531984,0.6489462079844155,-0.8802188140207747,0.8155080241495182,0
-0.9936440568555993,-1.0556627990926146,-0.9699803173570273,1.353408512261953,-3.118839130837505,-0.7467371841012551,-1.995448554673588,-0.26577078823940126,3.9233124823212338,-0.5156640401198851,0
-4.80507809791345,-2.0354768990448924,-3.87268313208242,1.334192814438585,-1.3219813140708452,0.4820325673835668,-0.7003113077351997,0.9854348785770484,1.6905837972794622,0.4210429778094501,0
-5.376401099815509,1.1353125694195982,-0.40326818938227804,-1.1507874773081435,-1.8462165135542712,1.6449652329358604,2.9418011529542634,1.5670940778840663,-2.300283087907842,-0.46541549214601763,0
-3.7339480454444582,-1.539944818537525,-1.2958631442382524,-0.22879601851792172,-1.1394287017216413,3.7058453114164367,4.99465981079282,-4.19777045054889,-1.3042247847172574,0.5514384184459367,1
-3.4868983217458496,-0.40366472210956067,-2.1323948263744423,-0.04166176814667201,0.5835385947250205,1.8191570666440429,1.5241010047332806,-0.6795623802246753,-1.638989326249933,2.3015839241544245,1
0.7115054818106967,-0.07120427593614617,-0.6822119476416262,1.1120318520899368,-2.1708755127044146,-2.711923316458228,-0.3815414452603617,-0.5265207408377891,-0.07590693230080814,-1.7830149090353578,1
-2.400641409200175,-3.042188855653876,-0.4221425099465531,0.09905487729542062,0.05748219063650528,1.7209130835588224,1.2447655190307594,-0.722815574458646,4.454750830267292,4.307707146172277,0
-4.545980476461457,-1.389560150277548,-0.18114534617356037,-0.5218706659239909,-6.044732417287531,-1.6827634153542557,2.656892385388567,0.15969585304596934,3.1885829033589568,-0.3819250420782374,1
-1.9700299037216433,0.866710056656767,-0.0035429125684566243,-0.09841325546937423,-3.3956705747399614,-2.2230246412852486,2.0256854763487544,-0.4619459699935007,-1.1805034571586468,0.6161928819943039,0
0.7397453051245481,-3.3704831242682456,-2.413139998534291,-1.2257879895516894,-1.3228664649292292,-3.4518892895647024,-1.1316014385954425,-0.8279238895431229,3.4342049236179593,0.04456434403463372,1
-2.754218706745717,-0.3200161653167728,-1.6567309335506608,-0.16767956644060616,0.799204462267863,1.5474551093160303,1.840773051095124,-0.6034735008556238,-2.0440080289900164,1.4583527869535338,1
2.015848468741863,-0.994014403133334,2.610479142652151,-0.018754066225753496,0.6647716796757541,0.21151386445357379,1.8422058821435447,0.25947621878238103,1.299868527582552,-1.7564771062946014,1
1.550733731744718,-2.050110524071019,-1.310147122743629,1.168216135037299,0.14926259709952772,-2.1843214974716525,-0.205131150488839,-0.04584857487278593,0.547438210482297,-2.979654386164091,1
-5.9640517453418775,1.2403367811903432,-0.9235579559770957,-0.7493186084382328,-2.129512015994698,0.9203273206559165,-1.5315140172119146,4.114576939362905,1.6882361906032526,2.613275832849839,0
-9.099487236982926,3.817710839348376,0.19707457335915346,1.3461913901568257,-4.190460688187053,3.0623573217870903,0.056991866884617104,4.786843908211929,-0.4194328954424993,1.5968612621265212,0
2.7901402075253814,1.6032742317125144,0.7355306972365534,1.464879914623797,0.548427485214058,-0.47892301940027293,1.3998968673230348,-3.9558549847776288,-3.5016349390591417,1.8912998308374895,0
-2.8263617371308296,0.04972671897812865,-0.1080663863778546,-0.07103684121278213,-0.4561927236790345,-0.09084059948448076,1.118545792312018,2.225376004565245,-0.18570069835210634,0.7622510434435458,0
-0.6988794818528072,0.1423791693225221,-1.3390426304070593,0.17699221092223072,1.9695975940400547,-0.37838387744596,0.4507349185177765,0.7862488150829992,-2.6337329346984095,1.031403053356701,1
-0.934545853441743,-2.2858637388341463,-3.7137497443556504,0.7171125316280677,0.33272634870437445,-1.6145571835862174,-0.00046148570509951803,-0.5750858839451449,-0.7713501732189387,-1.2451862634660826,1
-0.1888667806529759,-0.15229502751485754,-1.4727484431371218,-0.4999163545028187,3.271656239808305,-1.957271383847492,-0.2213624597121282,2.6064694533619175,-2.6082901352308765,2.0571101262207527,1
-6.100861138689892,-0.723600199011443,-2.8332012318413025,-0.4889655598580671,-2.1678217298554525,4.1717940272814635,2.2482302340443407,-2.080575203210259,-0.5232177136575474,-0.017665983866141044,1
-0.4984953593208217,-1.4354249861741353,-0.4454345175090141,-0.8219241619417351,0.1953713636548764,1.2445973875660632,1.0975770655483907,-1.6296066231064668,1.0645276218904551,0.9279059882645307,0
-2.655322722191904,-0.7322776613404101,-2.04697156252132,0.7364011201888471,0.26184259774945706,0.7984830352858233,0.3131489741674468,0.05444925376910037,-0.3371066445393279,1.5711356086946853,1
-3.974771865727508,0.7144094047595291,-2.2425693556609714,0.6216122552548701,-0.9960170810078184,3.2420943033935794,-0.530559199376013,-1.38372055083053,-0.4463251216019716,1.9974953556311816,0
-2.0041828011340708,3.062683890682291,1.8403950599388899,-0.02286193612627925,-0.020303850159415493,2.4039847308756634,2.1101410003651573,-0.0637744763285033,-3.2230685100727934,2.324266881041278,0
-3.4083082840505745,2.227986043556259,-0.37184000228139513,-0.48675927986069073,-0.36001988958409215,3.208613880465613,2.2178101127034724,-1.4416665292605015,-3.7531307138515544,1.6931170572155483,0
3.562060354626834,-2.1746978548937994,2.1501955325160207,-2.4437413120160363,1.8604719273857055,-0.22757936171769422,-0.29714611610203123,-1.2366133851561187,4.377840682499074,3.6770897769215023,0
-3.3268268860350125,-0.6518934573633184,-1.5128914428272067,0.4083400536993086,-1.434610763322498,-0.11649075369545825,1.845596328550656,-0.015389783267090063,-0.5924513233914693,0.7188158924319706,0
2.190944325536375,-3.289203130241446,-4.142323397235588,0.7444681730037579,2.449310999553906,-4.781741828277938,0.24180283143395576,-0.9634924216205835,-2.144959453463301,-0.5197289344448541,1
-3.567631831136692,-0.9673440712495629,-1.5559401393347758,-1.020827686340761,-2.548079621619962,-1.8976824238474883,1.7087604682186033,1.2768801690288618,0.058430349120713876,-0.3687087014042423,0
-4.194932347105903,0.0423523322898731,-2.421763327043685,0.4569509262615247,0.582415461607968,1.7508407249861042,0.2137565092540249,0.9358958831129665,-1.2918326168807144,2.113063966158144,1
-2.477725836210417,-3.0349354471371766,-0.9792266361755847,0.5488555001662204,0.6308941786417694,1.2459877552687595,2.9028018670896465,-0.8078341049394966,1.7474334148060362,2.4181983052274427,0
0.3501961244643653,-0.22084990633865043,-1.2264104281873605,-0.6880733346813395,0.867979013653327,0.5163306328247743,0.9749439285367111,-2.994924026417154,-1.7981163129564286,2.1169128385297125,0
-8.818207102465102,1.5620205107524652,-1.7447177423357119,1.3246553609350973,-2.1935066740982494,0.8844954894741968,-2.1679866157016643,6.637224200538693,1.9897355601616387,4.547511076744213,0
-6.923458652286049,-2.3383816492236154,-4.184497204341762,0.42285899198571364,-0.45015338844980346,0.618273805234256,1.399370497062954,2.6020290348831407,0.07246304637868017,0.6863216105177525,0
0.2404368588540334,-4.193287168480582,-1.6391066070065743,-0.6591910006946118,1.6050473615670682,0.016378659948523056,0.5755377953149667,-0.6508459485608638,3.160089112523038,0.3185568873139242,0
-0.9612663196375628,-3.898610519185186,-2.1947200121939243,-0.546732409595258,1.25138139374834,0.6053774829333995,1.238289609696475,-1.1566722926847448,2.2165455859669554,0.6747631031183472,0
0.362577260363475,-0.07858916817869217,0.7853820320291234,-0.653448673850161,1.431481214816865,0.20741202286171678,0.2615721482371096,1.1411941006239283,0.0018503157174103446,0.6802187317128627,1
-4.466568085217923,0.7545396380778856,-1.3581544557599008,0.29587961697246684,-2.5022241800587763,0.8483828231258677,0.743858946973696,0.6723163323554355,-0.6299408204693235,0.20766378468546254,0
-5.058658231707813,0.8446991216229884,-1.3635790583043097,-1.0320573133873856,-1.7758210861320296,3.300720789330366,0.040687295370592014,0.5951535443458558,0.04251883762677888,0.1546978399566603,0
-4.442620692588708,-0.23289198639171907,-1.1186718186500995,-0.8615507828928467,-1.5800413064080914,2.2961449093631257,-0.07296128949409808,0.809559993725112,1.7639124965374917,1.4873729909261133,0
4.2988849880305455,-3.894369996563004,-1.9141142235148676,0.8572279766521721,2.6485885485615217,-2.6674112713928433,-2.3350453669296853,-0.7921326181451342,2.957160044931979,-0.6773804440279936,1
-0.943727397724134,0.4201672715941615,-0.4943768450856112,-0.20757837812967986,1.8376358473584355,0.5257930898147583,0.1167761854575925,1.090140769781597,-1.487526123540424,1.8835793410392505,1
-7.356051703944528,0.8449913281253679,-1.8370054849718502,-0.22555974469442344,-2.133035699131296,3.1522849424578063,-1.2915907437128267,2.67560307720463,1.9827090488486643,3.316908530729486,0
1.6019051400242454,-1.0976350557577153,0.3324078494753744,0.5743822554820113,-1.2527592764699809,-1.3487634272450864,-0.12958163946634527,-1.0501674337591966,1.841027921517919,-1.2829239461352284,1
-1.0021361780399585,-1.178237292674345,-0.4459536691703593,0.8656562823655286,1.4799715606816983,-0.1298570253801259,1.6466804503082773,0.9575055915322589,-0.5704924434543601,0.9124584638290574,1
1.6065456976879637,-2.8048675337808673,-2.531936818924213,-0.21867883197268564,3.215316227817476,0.8768597359255623,-1.9566170944044936,-1.4373251680943366,1.6850443110134765,1.082543231055944,1
-2.7916541995862323,-0.947230683458676,-0.022940756691023023,-0.17612660343708286,-0.9170109563737319,2.722685902246428,2.2477566449342525,-0.6061598811139877,0.80248827421965,-0.6878788453625158,1
-1.8963033100338507,-1.1826565334777248,0.07170369835694368,0.9776135772825246,-0.05382994317778489,1.877906434264154,3.5029729658709945,-0.8262196914012061,-0.7655650991496813,-1.2974911959520532,1
-1.4977426124891877,0.6788005289399934,0.8574724177517903,1.2392902137283803,1.3030957257509521,0.9011646170895684,-1.1973250256216228,4.25152732996176,0.7368098476629963,-0.09203604252908981,1
-0.8288924508216112,3.8718304065388374,0.9408153615165227,0.30589978178254956,-1.5992355298034915,1.0928756275856923,1.365239886771147,-2.3005276827890224,-4.468022520738202,1.4299262531351669,0
-9.024237165962571,-0.9010278659463856,-2.9017705830326426,-0.13636869964582987,-1.8244721694700208,2.845521394703243,1.0429780499953158,3.1505978816535896,1.4164112943302676,2.4342310073682656,0
-1.5561598267588457,0.06315839756027644,-0.22326114114356355,-2.1475115720708824,-1.869404865202835,1.2516085481463088,0.27483373784246745,-1.522928462668339,1.1261684775685255,0.9738399320524507,0
-0.7880951508991718,-3.1086074923766382,-1.422597305251449,0.8963535426255048,1.3342537793103584,1.0483066527786182,-0.1787430022983063,-0.14560282244353373,3.1949414058560968,1.3442547912649456,0
2.4056779518286833,-1.4895250904983166,-0.3286969792545349,0.22087004079938918,-0.31957970477478326,-2.1582384795145884,-0.0868086482584195,-0.596510156925311,0.5985877744789289,-3.2018665044392836,1
-4.318295692625436,-0.8961172767683134,-1.465082579316195,1.3748860911438996,-1.1410348447948069,2.5439757608929554,1.0620194763867918,0.36330410991239437,0.88354247183283,-0.18293495004851001,1
1.2727049272350175,-0.9562985636631306,-4.185032326505491,1.522446725263404,2.6055978146627172,-1.9499074427584953,-1.3139799631854916,-0.7162453347616673,-3.8065212106530515,-1.8932159366449077,1
-5.085378200399049,0.032430428772747495,-2.5400863555812405,0.8438811880725728,0.10127212432185995,2.917659533740287,2.0915401895807406,-0.7870199360171973,-2.4033894248761625,2.155378461776273,0
3.9830365565545605,-3.073433903534563,-1.2257451427412995,-1.6337631423731744,1.9787655096744323,-2.6997354781934813,-1.5756132221412846,-1.1141666928742473,2.299661943139596,0.06485331245067671,1
-1.5748632605358166,0.5324438739825648,-0.8346209427378661,-1.4533444648100107,-0.5893241396361029,1.3218230670775144,0.7747843529604014,-1.634665528262323,-1.1650967287568343,1.298438162534064,0
5.489298557485425,-4.8583405639908195,-0.07155982114175696,-1.0875676714762506,3.862002151596755,0.4583641228539742,1.891782239318054,-5.206382905840227,2.3395074176682247,0.8412754289058457,0
-8.85716930017462,3.0300389218318413,0.4384294181587516,-0.1818498370591061,-4.202872545641551,1.9928868589483266,-0.4161370151894601,5.297352819235593,1.5014360058490142,3.6565700958776963,0
-3.320241650278083,-0.14800694892491198,-0.7204306520855821,-1.1889563388182383,-0.3133809857817904,0.17938763197181196,0.22823163612007824,1.661243200574527,0.8773654435139084,3.6257810305498963,0
1.705399079390601,-2.3515997836624516,0.06950305364478981,1.3597158090964296,0.6709437497343629,1.279043171777141,0.351299326156843,-2.6037939916680943,2.6876298252336728,0.13182090341685515,0
0.7212335641197418,-1.5031848929416483,1.131518944031864,-0.8551675113033101,1.2413110433135914,-0.573567404298382,-2.1172499443187713,2.43599410849789,4.8588941404377035,3.366222927767811,0
-1.5077694865871403,1.4651943389205642,-2.276526669801571,0.15717419244408162,3.6178023764299305,-1.1200810185356551,-2.1583577308673414,3.663057460229587,-3.501983145704187,3.4913625477878005,1
-0.37942514449211306,-0.44354985586450013,0.5858541485431741,-1.7652018451230675,0.35603300595731,1.5525225299531817,0.43607494199933905,-0.5935027524675691,1.2658459905360495,1.4945925553158164,0
-1.6599124316109657,-0.8016379671308842,-0.8517061287788561,1.0773072896250282,0.07978832136769343,0.41836321240321794,-0.06628614880857375,1.1459156156786574,0.7894159893641068,-0.02804508286633589,1
-4.6076146120963255,-2.8062694855183885,-7.431143018271533,-1.0160997567190238,0.7060489183210905,-1.739634149949244,-0.8541598829567387,-0.15988532537272604,-1.6590651182980678,2.286857774462478,1
-4.670877417453711,-0.4649282554366276,0.021908002165978324,-0.2779757988654614,-1.4787451523791741,2.38949808077023,3.137285370424633,-0.1249940268884866,0.5303487231368156,2.3101342177883266,0
-0.7052283315846094,-1.0793568986304825,-0.29426996912893677,1.1639678234819042,1.1088906973862904,0.21340792176829115,2.1556103240522204,0.01878008766964223,-0.971479879165357,0.13984337770230004,1
1.9112660462013553,-0.9676886363376136,-2.1658637240781533,0.28455800102234396,0.18643625685236198,-3.678757119430817,0.8728210964398162,-1.5370008680103893,-3.0070416159173323,-2.03680841165954,1
4.854265331509225,-2.906251417113811,-3.1321299249334884,-0.11112337350698906,4.103090951110904,-2.602393382146579,-1.8383550902198391,-1.987299812745247,-1.0318330838308034,-1.1466703773044544,1
-2.1587092009857543,-0.7885628373980019,1.09753033964232,-0.3255058678076017,0.3750079562405857,2.7106268326630314,0.1800151355282188,0.6763258281728022,3.542681889882644,4.118322104564609,0
-4.712893213769742,1.0947740775083497,-1.6478694790087764,1.3724973372174536,-2.388712045205258,-0.41342840318625695,1.804744443089383,0.9448576964520778,-2.5354207327016685,0.389543351956229,0
0.23207350690554643,-1.6022446316772878,1.2868631000636435,-0.8628703095459447,-0.25578281998858343,0.6130509612834589,1.8355884990121694,-0.060842839904544865,1.8699543839317654,-1.5202502733951326,1
-0.7130831720753602,2.272633311819576,-1.1661371623288186,-2.2535626587625743,0.22700358723153835,0.4325010659228904,1.4345169103017468,-2.967429826430414,-5.10164389734987,2.7451788341856402,0
-3.0030370691910666,0.5998618946953593,-1.505004401997718,-0.16523187915164753,-0.3803654272403635,2.0810188417272437,1.215831944947448,-1.4181726705401427,-1.8882020090686926,1.7093724042533358,0
-8.464107016555499,-1.659863770882835,-4.272946902789645,0.9336792716449773,-2.320831755460436,1.2110734766445534,4.100905685325305,1.1333513695258908,-2.379173889170198,-1.494888589637843,0
-0.33024754277931356,1.154055195822466,-0.9750501292062971,-1.2984071588938326,2.815157646717501,0.06972525054482903,0.15717382001951752,0.6491011451282112,-3.671974329458937,2.4199627927764413,1
-0.7552161184225024,0.161963207194468,0.8100750803410768,0.7097593362987761,0.45486325609183753,-0.267709722264744,0.08550230935307368,1.9982357361610243,0.6111985396878968,1.3523910792243916,0
-2.7218603565717405,-1.1016927463809445,-0.863956543656599,-0.024521117406713908,-2.3437867769242473,-1.342025892892143,1.194122580983792,1.3587972655767002,1.0507778892984025,-1.1579956757341727,0
-1.7132792293512018,-1.8701216251046018,-0.08983748437789296,0.6478782317197667,-0.4216687506189778,1.477742494293067,3.422690603581971,-1.2070307991783262,0.2652638916998835,-1.0265486555269172,1
-6.099789127116526,-0.06468670370220674,-2.335325299680213,-0.8216572612598676,2.885019182548619,6.663238099245047,3.73720170491935,-1.0275837119571716,-3.985510073959675,2.4756711223430514,0
-1.874624084861983,-1.6011588901139209,0.4140951331306766,0.10246535959305557,-0.35541188541747926,1.095295271133313,1.494525298589127,1.3629169347339927,1.991675686123147,-1.1451761789248796,1
3.4850820738270527,-3.7206098606493008,-2.897930332244248,0.31752376224925605,3.3954048593227673,-3.1084586287727487,0.17952762696336366,-0.8256439256478478,-1.1120656352275784,-2.7355381403952905,1
-0.2528471756486128,-0.8725335052156878,0.09733674707944817,-0.5780224079422835,-1.4622178177794223,1.0829386674619252,-1.1339781936689024,-0.4366694007228584,3.151474044593345,-1.1109076158786597,1
-0.08145930283382719,-2.4372716977566133,-2.896888965012863,1.2587176210540754,0.5850287342790239,-1.3927252794250253,0.2509942571507684,-1.0890772283441692,-0.16263481270461888,-0.7031514242110446,1
3.663280075141367,-3.3296965060906314,0.9635818590419174,-0.29584241486487395,1.4646890280004359,-1.7796230056814388,1.0318416918545292,-0.9676719615326964,2.875166817478641,-0.5955310345150755,1
-2.4718069813383825,-1.0667647049916995,-0.9283306597756477,1.1937503081503356,-0.45013091149874396,0.8227664242545928,-1.5661639030482513,1.596234406462087,3.3313178654487925,2.172407182333912,0
0.12253861529692069,0.6373379264770556,1.0090432559732143,-0.0028085080704942068,-0.12809030395516774,0.6098989205222873,2.5632459137927714,-1.756314957925893,-1.9741085524921431,0.5229000588866513,0
2.585464516502568,-0.46110574639097746,1.207910612094159,1.445417239579117,2.8042475663927315,1.436113651727428,-2.9834726687597857,0.25025561737207935,3.334866304528402,3.3654417437813597,0
-4.626296747897039,0.4396617057747881,-0.9236213803835713,-1.031977358164421,-2.5251858642021734,0.15994931373503485,-2.298704167576485,3.7894115120118985,3.0503350920281957,1.219865756792138,0
-2.7876798769994102,0.01527461015572369,-0.9637541894157993,0.0037641753333391395,2.0591602086343372,0.5790423620132301,0.01469366011330353,3.1567915009233634,-0.8824676831173357,2.306919047142329,1
-2.0710655303453858,-0.46483277377050236,-1.0921137297511188,0.8974096356414422,0.6998605145255283,0.9112144749503975,1.2839580585318966,0.46751441757285184,-1.2201507266240155,0.21942190431820674,1
2.7694757754083037,-1.6052322878207834,-0.25452430132956094,1.283610732985292,2.074495454441955,1.133810935643056,-2.3837753077530057,-1.378661006551948,2.8505216553619754,0.7559447433582602,1
-6.027037138794587,-3.1001455642558913,-3.80552920740452,0.02683273731479559,-1.6001145029201,0.8690773225123564,4.605411112493504,-0.4278751469007289,-1.4189923195949792,-2.4412788304379203,0
-0.8477735416512112,-2.3580970473176532,-0.3304767177350617,-1.2248879131095605,0.9242099668907549,2.7024762354672247,4.400605354714989,-3.4933280820611614,-0.5872538392616022,0.1250084951692515,0
-4.394455494402425,-0.6497872073304504,-2.773243438513136,-2.1100227801871223,-2.356773745615961,-0.16126066212535073,-0.21078374313047132,0.7271313292156558,0.6403196496058967,0.42339390712367886,0
-6.860501247053537,-1.5974013584994173,-1.9210299477202804,0.7167863740644448,-2.166970167052751,3.944453606399049,1.7217991223798688,0.6456571766851738,2.255720610280675,0.12460539543703664,1
-3.197747804418387,-1.694854182814732,-2.864613513997209,-1.0202560271962529,0.46555036116346304,-0.8592907206527387,2.643412903008602,0.1243545273179214,-2.1852623591535716,0.9390319366220423,0
-3.2337053017458053,-1.0022294720754497,-1.3382942385544228,0.4130473550179597,-1.1588668845597807,0.6805583237757752,1.277611986089189,0.39940415144612396,0.4362128876598024,-0.03550410611741617,0
-6.16109855431916,-1.5615811322063404,-2.884316733868532,-0.7612645272141174,-2.224297310631984,0.41496192825808587,1.8943466959521693,1.2996331132747565,0.39239633674716135,0.2712989350621211,0
-3.985524708866879,1.9100052265266338,0.7624486878427821,-0.26761586520710035,-1.917581538522567,-0.23670447768805514,1.1544012347384178,2.8672665945030973,-0.9139205585977759,1.776790699959111,0
-0.13780595016992386,-2.061564894190037,-0.8399451381319247,0.6512731982262782,0.5915466998751828,-1.261964305754347,-1.0411010508386807,1.5641077582948986,2.742902483221166,0.808438305625404,0
-3.030243075403946,0.9020827742873114,-0.7761026166730017,2.0298134647166695,-0.9564779846025657,1.7726229526700226,1.7066935743739708,-1.0824344648663793,-1.864435996784588,1.377196400056733,0
-5.376490138063292,-0.9499997885812446,-2.7579553853439998,-0.5669111727507893,-1.6086623536227806,1.6655922223140553,1.5556100962577464,0.3360620377269382,-0.4619706098285783,-0.43497920886655583,0
-2.9258762097847577,-1.7541231336932606,-1.0787314342092367,0.6792075302321854,-0.09291166466450929,0.9613227504921145,2.7531382145181995,-0.09129971404510284,0.000127795193239022,0.4534317250268005,0
1.414719385777884,-1.1700831690592497,0.6747424821817878,-0.054085926307481005,0.6507229454418174,1.9529002951300778,-2.0005413459856607,-0.14699492742315745,3.6430358262249074,-1.0178440613374782,1
-4.118764850010826,-1.097459510436297,-2.664417115510272,-0.42140010310302406,-0.7748880519577239,2.261925432923473,-1.149240527210809,0.9969112179811834,1.6374252144706491,-0.4519713852927367,0
-0.8048850427418184,-0.15489153917190304,0.8324095890020278,0.23282306213007803,2.02279830240591,0.2451593963608839,1.2177559953732664,3.036586258142392,-0.9142173307843124,-0.4487863260395537,1
-3.0067590910582984,-0.12454075917055381,-2.2600992399453252,0.6352469083884124,0.5063091856072509,1.7948586396281114,1.7959830338309928,-1.4865551289208043,-2.6081678632725573,1.5805492075227383,1
-1.8689516586222559,2.3780786226340136,1.0637103640692107,1.030749665696823,-3.3885649452601925,-1.2499988347795425,2.5519425483141402,-0.771949473896229,-2.650895691889251,0.6143774774297011,0
-0.13043972601094025,-1.3779896499633997,-2.137728565159218,-0.31258686613162195,0.7781189273907185,0.1831233532047758,-0.10566565235361747,-1.9719217975380325,-0.0915031858459272,1.359199701320413,0
-2.06333133004263,-1.7558965511127471,0.7861426410812573,-0.20370308267240372,-0.916311708283887,1.9977491804401124,2.4813291353124995,0.20341905348303413,2.1353843209729675,-1.441200873024818,1
1.4539614562321608,-1.013285518143328,0.8082671560625387,-1.4593089061753373,0.6195647670191518,3.3299856108218275,-2.934423062378971,-0.7467052828375691,4.697291107141027,-0.5769863460980957,1
-6.745870818102015,1.0500420189354658,-3.817164365670916,0.4040717176490458,-1.529956148370826,4.6804697635397385,-2.264665803379249,0.2702424657696121,0.0886523313157952,1.3103813522574943,0
-4.289111281692416,-0.6732010130297054,-1.4508335431228292,0.6887360064345867,1.201682836631587,1.6671461143432276,2.2333717062752756,1.9047865166457099,-1.5897472964984227,1.0326455282231246,1
-1.0442865040346183,-1.658038453763385,-1.6284471054884033,0.32026800493021235,-0.41550946451410986,-0.015125089596010444,-1.4947136462695378,0.7035535705224905,2.467770224512863,-0.6261503271371187,0
-2.9831945327013734,1.1220574528735923,-1.3213535227131334,-0.2499163850826102,1.8435247779638095,2.0229492473417334,1.3628540462042225,0.7138829301622756,-3.7402566343831394,1.6489678306810047,1
2.273058633614194,-1.6028726738266805,-0.45213071284782735,0.33915988561050403,0.689423366633239,-2.427208799021309,0.9850501003264645,-0.8130451206264857,-0.5308006153319396,-1.4740506765339538,1
-0.41041540014668765,1.3223768491172854,-0.41577785381700616,0.942329223645982,3.1838422244669795,-0.5204008411432268,-1.7324156324261701,3.445073808195582,-1.9086362792243823,2.74796362408447,1
3.4218034154944728,-2.264127423212392,-2.010964478645,0.3073694969170155,2.786080597401728,-2.127282443225614,-0.6494783959891367,-1.40764117613876,-0.8155062503759944,-0.9371140982490408,1
-0.865493945593144,1.667539479229611,-0.7013005152231887,-1.662500303967251,-0.25375814034664534,-0.10801315485474139,1.4709847059730983,-1.5097379594069422,-3.914481680825295,1.0642739678374864,0
-7.841636470273837,-2.46663711936136,-4.174799296247327,-1.1099606357075364,-0.9854591187731575,1.1488117557977966,2.4964729164716113,2.121014679287504,-0.1267203327971267,0.7378017331605402,0
-3.867309633914892,-0.2623444626758924,-1.4748962828311836,0.7280751695052642,-0.8629049535479554,0.807709017817225,2.3488378301642787,0.0776910476966155,-1.5643430206204192,0.7553873058458296,0
-2.914126465308257,0.909773742426353,-0.3095382471972574,0.1260399597358132,-3.834713904802786,1.0930615378426543,-1.3095512565885747,-0.0007844614539552763,2.268204412675296,-0.2765119544758665,0
-0.1005886329228312,-0.4394588051062879,0.46405777575974305,-1.8541714458791532,0.016271252204443476,1.365841287702396,1.5463508788485765,-1.3880745991799537,-0.0766427022154178,-0.28053035905951673,1
0.12239506407443251,-1.1313060034286022,0.06446091735566273,-1.003115189372866,-0.5818820826191002,1.1206636298874364,-0.4590002733767282,-1.3523256562459207,2.701046020673658,0.7562265901511471,1
-10.481009994809863,-1.131465695945221,-4.508123110919326,-1.372911690055594,-3.669456921698581,1.9151500218148272,0.8078044621208909,3.217331396771095,1.163504899678684,0.5970339714889532,0
-3.168341808749034,0.7984704576331254,-1.9092061092444061,-0.23502950358041585,0.9041557954640537,2.1691410566518865,1.0238527733343472,-0.41628099680055497,-3.0066547412798603,1.6413499221985792,1
-4.687097585377556,0.8145491618155938,-2.9731570864698242,0.3008418923161398,1.5231665271844443,1.539672076255666,0.31640591466328616,1.9568125299937127,-3.5051629367956267,1.7377076265828864,1
-1.1338896384554162,-1.0015326655252663,-2.1985652342158772,-0.425155615581726,0.687493134046113,1.6006203260487855,-1.388802655253675,-0.7417203275202039,0.794867662169099,0.42003232496436627,1
-4.843572418977512,-1.6860136528669618,-1.7083568782512706,-1.0645401034249116,-0.9515453819168395,0.14905786307433422,2.1631688061802814,1.7331375810064265,0.6770778655660623,1.288121531956438,0
-0.8326068804847037,-1.1459823753830216,-1.114937869411108,-0.10008191789123334,-0.5399733271628087,1.157424594385188,-0.4102604620730885,-1.4469663355837992,1.720104393304096,0.7149100851820733,0
-6.846700066078663,-1.4241188288529472,-3.3461554587475444,-1.046293061019234,-2.6408459008169007,4.479390517511929,2.7675507093602256,-2.9639266265308275,0.14062021384902001,0.8452942109301321,1
-2.0434476671006205,0.40870484107948807,-0.06988928489502277,1.13311695214275,-1.1180420175258794,-0.11792844303052474,2.030652221835691,0.46799739049782985,-1.5754426119608862,-0.6775356477729395,0
-2.0089956221990612,-1.1185553767082677,-2.034028385668592,1.0660624993357755,-0.7447407763347117,0.10131607602420334,0.06250668291475936,-0.5369511802797134,0.5264800029053907,0.5936513365007597,0
-5.422368474494643,-1.2504916643929356,-2.5468687278718765,1.7951826891409621,-0.39346107256671403,2.1399396144792027,1.5286364219642103,0.8473074861160383,-0.04589903698415465,1.1093937228836848,1
0.09035779884328465,-0.3790474313544431,-0.6196545160961974,0.8028102500227985,2.8267254858096704,-1.926544837947533,-1.3773137154330009,3.5182224165810068,-0.19682190639657626,2.3958328257679598,1
-2.7109267447584307,-1.1032094602967955,-2.148997562628046,-0.9015999871083742,0.19564636252063838,1.7752003418615583,1.0632644922954908,-1.4317280445985316,-0.30991502252967906,1.789300925168704,0
-0.6477810974378924,0.461810779525979,-0.08978695546060411,-1.071133063833534,3.1448058022106347,-0.5266741289334573,0.19862036102510672,3.3571616219903877,-2.211098901152014,1.4368773186637502,1
-0.06910621294532075,0.8352584145302023,1.1205528249946877,-1.3957355060688097,2.7283709474413547,-0.013847469162424852,-0.3499655486839284,3.8249052544379607,-1.0605850696387642,0.6032896793381267,1
-6.548845771305148,-1.0498629356410334,-2.2080237517322283,-0.3426367512323001,-1.1829835068306958,3.577953512318415,2.04110951960786,-0.2916334829559992,0.7690684327682142,2.9845684072063348,0
0.23515788973178783,0.7430353788824556,1.1457941958366322,-1.3890837561797231,-2.1707319021510196,-0.8641592028287837,1.203128915610832,-0.09764495580194288,-0.660657337369158,-3.0195890109515964,1
0.5854450738858437,1.312417099245667,-0.45564327506099467,-0.883064775757766,4.118730396049886,-1.7050305668843784,-1.6461823068619412,3.9179875706971745,-2.938988726744809,2.5853369143816707,1
-1.795457447321654,-0.07684972302462346,-1.1381498313665919,-0.08273653177863621,-4.329114636113319,-1.7786032906082014,-2.187749699470571,0.4019942367763769,3.0965777396769667,-0.6580240701127391,0
-4.286141388815976,-0.6657098194313401,-1.5042786976753892,-0.6095149669274147,0.9061005025123876,2.0957679568396124,2.6945196986738527,0.8572436511170802,-1.8304151939372488,1.079250528808634,1
-1.7916625419028867,0.7116349608230167,0.8112010836772432,1.7074659125036433,-3.7495570275972643,-1.9957685957798632,1.8692677470294639,0.2827436756687087,-0.03630421683883922,-0.4866172572999694,0
-3.691990952225396,1.1215516768942617,-4.130275866382732,0.6297932145867738,3.196881906181516,0.11323218484372755,-0.13177387474918456,1.2264325959557498,-5.509858735042836,4.535295548322715,1
-2.984576415604075,2.7276694085063284,-1.1950287752996562,-2.006894018844693,-1.501721410067713,2.0001370490071535,0.45478685136807717,-2.1329956693725878,-3.309186690243767,2.5014473841370464,0
2.6655983658480142,-2.9017022466082762,-0.488042273436608,-0.08292332006623439,0.44171867215766414,-0.4451967101693991,-2.1360739976260823,-1.210953681416941,4.635604394590208,-0.4811584553710496,1
2.182418782026663,-1.4199800131804117,-0.575450018783874,-1.2552699762697073,1.7254700043756883,-0.7021312452260586,0.09532964226569218,-0.6432366062724955,-0.35780647688799894,-1.6407546393770314,1
-3.166937945480517,-0.29141215529344383,-0.672833709890746,-1.986480866976763,1.1231287437465232,1.2972483380081534,0.9913220692050105,2.5557947779871464,-0.6453071622491474,0.5434546852985513,1
0.10742256638733397,-0.41641888758963563,0.4717764379309535,-1.4123031442468132,-2.086491853926589,-1.490595209306573,1.5052538975427159,-0.2000436156975236,-0.005682853491715045,-2.8814794965412527,1
-1.4089458872269056,-1.4906116567085044,-0.25504930745304843,-0.8745714666915916,-0.55525812028861,1.5944955018740488,2.4362669633561556,-1.7864677354590963,0.6335266047255856,0.041734916674533884,1
1.9606338615816685,-1.4679342556972177,-1.8905441942582706,1.4138969332331792,2.245183284734593,0.6182180749657136,-2.05275905452477,-2.1998828301731956,0.9221325808619285,1.6471009036737838,1
4.820395958105293,-3.049483598463371,-1.9320895630848778,-0.35615591045322315,3.6732513436011063,-2.1399144322337316,-2.4749672019164324,-1.1317732714585633,1.3430287138168657,-0.42094473824819234,1
-2.6572737890942464,0.3089182270677433,-1.4314586929788486,-0.06040473757777612,1.919531231018598,1.031119742755388,0.6032840107497686,1.342763329456587,-2.1105641751397695,2.6271701934622103,1
-2.234668263801632,0.08414923156500054,-0.24149777672908312,0.34375942784506036,1.7640403753784029,1.478183996678427,1.3002401141520905,1.3717220535294548,-1.2700619314577504,2.105436678218731,1
-2.780556374083069,-1.7698979539111417,-0.8412640549082743,-1.398034551255947,-0.7461944619475711,0.8430237153578154,1.0946788687391338,0.17426816397989497,2.2289410564291945,1.7666851694721604,0
0.017997756334358607,-0.05226107303105171,-0.6553999529679646,1.916549275373734,-2.182646592868661,-1.2548513090713578,-0.7220954472944177,-1.4094232267461235,1.0331987159999012,0.4684318142216929,1
1.0262299890290816,-1.6996119031037007,-2.9553705619052195,-0.23463550906196484,1.1493592928197354,-1.7716209909059897,-1.1125440592469995,-0.9041195929222926,-0.6962985735368472,-0.7979918343092126,1
4.868565845985641,-2.0218039716699767,0.43318464326691397,-1.0336894717102183,4.7497604257077555,2.51980073993357,-3.539113102547118,-1.6575831481033192,3.7851379768639095,1.9800190146462735,1
-2.9089522036135533,0.6969368534053957,-3.1973878999395424,1.2691279634792105,2.4279055336209847,0.0544092190198906,-0.3490084203069437,1.2765372399497745,-3.8017477912522537,3.3240371659434818,1
-2.3480665041469213,0.9523887281959936,-2.3028732173773445,1.4496969872133603,-1.4762383606511058,-0.6535268441885365,0.02474231589022957,-1.1022927247910026,-2.217975443257442,1.577681625775949,0
-0.39699150556814344,-1.3135112397625168,-0.6131862410201832,1.1942824633618583,-2.2762128633402585,-2.3757938465274595,1.112737319564768,-0.06154039398567279,0.7565853752318569,-2.194585841136918,1
-3.5111139411938255,2.870346360162,0.9773804200974205,1.1271287845659592,-3.3212993715460173,2.4215149684706785,-2.6459030808161983,1.7291401573340812,2.2468827080672327,1.2749297857628288,0
-0.31039173490051875,-3.134725945262553,-1.5115894124192841,1.3816751055690941,0.9778202106792866,1.1183749545593413,-0.5730551477049857,-0.5844194216273495,3.3925605890102397,0.2739762379508157,0
2.991851422401178,-2.5200059660401006,0.38614473404884997,0.9723644205673045,1.3525209502125026,-0.0592398714635014,-1.0686174479657675,-0.5468230325069467,3.3472855625855082,-1.5060765656139206,1
5.5518817414079615,-1.5619024675857558,0.4054897126736554,-0.8931662106631546,2.5746070572097093,-2.986550420945969,-0.09726464642161925,-1.0169727186129904,-0.6801688964481325,-2.060207646078752,1
-6.503225205900307,-0.48460637461422085,-2.2656991310727936,-0.4971129571724229,-2.3324962776690485,3.4246465252971796,1.1116516887329828,0.19428741888180823,0.8153482951874,0.44220261498450775,0
-6.391704170049165,0.024607069526554497,-1.2885247618183502,-0.6681727171915542,-1.571710910977012,0.8822234981884657,0.5413075996200244,3.672183602804334,0.9919697642311407,2.1926529555124903,0
0.2689963393127786,-1.7399036067019857,-3.6002211513322404,0.8114513326808748,1.384927401625184,-0.5323005071700138,-2.104064074588174,-0.29905287431869676,-0.3215804028001401,-1.9430809648820342,1
0.5945344663453672,0.7456265020177778,-1.0014907359788447,1.7732406116684378,0.9514695997271323,1.8150470534910426,0.09078095286352128,-3.764670870370566,-1.9829030196055868,2.5933412269382243,0
-4.3170747262587,-4.269728939543342,-3.844186572702164,-0.5134678646117345,-1.1093235547618838,0.43009288464899875,2.943576972776964,-0.6930700470084108,1.0534625261745365,-2.1436770713676774,0
-11.14941582522971,3.858568591951523,-1.9270656418601806,-1.1079925251101528,-4.618037179336202,2.1390269079568274,0.8431349519018422,5.174480473137104,-2.8682154856012807,0.828818833343177,0
2.609821068843696,-3.1458036171220756,0.5198406538619744,0.5521535343832773,2.4177085334463,0.19280864519214735,0.9875441935122312,-1.6855968023359633,2.7070784677319972,1.6490275885225445,0
3.8087287839604897,-1.5761236807178032,-1.3683258192715204,-0.5112627641246874,2.3790782147915666,-1.5696683791161061,-1.4241457540768707,-1.3099993999168067,-0.4037692556469199,-1.627787434262387,1
-3.4353618986922707,0.6993476078525556,-2.596316996823291,0.11162122584345785,-2.9521742549810064,1.818919579801682,-3.0663799785610504,-1.1668125628188004,2.0221456107799707,1.597073532426402,0
-2.5657096621032918,2.646546016193126,-0.24713895206755954,0.3300688373684543,-0.8649677565058542,1.635467344687404,2.409509352923992,-1.9707128044974271,-4.530857530653319,2.18615744189062,0
6.518960023084394,-3.6617664335582005,-1.542361793979714,-0.4886838463482125,4.012764719219346,-3.762462979233934,-1.4575350721209723,-2.059026182770127,0.9336094081076942,-0.07717968794488839,1
-3.5777881989622706,1.1725305016440715,1.0496716960279504,0.05098869807938861,-1.6911875250233734,1.6666624312177296,0.619745710487503,1.7648304268854005,1.0354186689527534,1.782379107054778,0
0.3361831502958747,0.700627537989898,0.4657658824069879,-0.016080112660385126,-1.5126405316296536,-2.2175610665645724,2.354141788626709,-1.547201602864655,-2.211189265354819,0.7723249170803459,0
-1.6136408516315113,-0.5756000556722304,-1.8615725551331743,-0.24432984401248906,2.9610846777701907,-1.2807710706902773,0.9541608232934367,2.577757560512744,-2.885539939254891,1.6901001746459032,1
0.26088752752163047,-4.4202138258072114,-1.8325630652934939,-0.7384861391809945,-0.16734410133294353,-1.1985527629015087,-1.2670302658777266,-1.585041314452465,6.254895750331852,4.023785187820466,1
3.2520168735202044,-0.22744783682924544,0.866261217337061,0.7236448234079447,0.8158123753326281,0.7238972349904513,-1.820405722338623,-0.9822272344332551,1.3639603166326342,-2.338149956449337,1
-1.4196097302827824,-0.05058718125479121,-1.0779383150511952,0.7093476093488155,-0.6912981323480817,1.3708643064617054,-0.021654223434456332,-1.489720281406568,0.12129481371505046,1.005715240411896,0
5.957572011097729,-0.633173465993606,2.0104651163415417,-0.5075567276203603,1.4645680116984916,-0.5595194848318561,-2.4022908033904917,-0.805571008779253,2.274129115533289,-3.2079887881063773,1
-1.186222898608944,0.7401617358828949,0.834875713083312,1.3901925102224029,-1.0100659929804725,0.7909628441356901,-2.7679656942050213,2.1690703157357634,3.415432375500938,1.7582923107754231,0
0.6086868984243339,-0.7350881880448852,-1.1728062782359623,0.1272518148689363,0.5216058301015132,0.44778885586270745,-1.6798222371393075,-0.7567232827312617,1.087136467384985,0.006805407778084582,1
2.3990148202439063,-1.6494361909410524,-1.3013180144265135,0.24348539387591156,1.69957563009527,-0.7570859998285325,-1.5545199695398937,-0.7628352405343775,0.7854379388049669,-1.0476959572805657,1
-1.8626962948005843,1.0139526087645616,-1.5008830735677527,1.9189167415960504,-0.37512124187773266,1.448359453665395,0.46420866291555063,-2.0547757111647926,-2.1331464853436297,2.0214531238456583,0
4.778288826435021,-0.3036539955374384,-2.9178336093502675,0.0778175540832829,2.8840345726210335,-1.241969898769684,-4.4747122465464955,-2.1038717842122043,-1.5279870229744579,-1.9403703716360945,1
-3.176278576592402,0.3568376430556746,-2.3099199696366433,0.4155398513102099,-1.6474157766061412,0.5421767828501023,-0.22685334574644744,-0.8142619552245935,-0.6906152950192875,1.3931627337373307,0
-4.9220248133932785,-0.38900557430779603,-0.9627982870513083,1.1064650543650993,-2.0617660687640846,2.245750924700068,1.3714678368435813,0.7783570523893664,0.9480953254596871,0.01926803839164304,0
0.7265504826185211,-0.7354722000891186,0.8528963109470511,-0.096608714609876,-0.38598670076048847,1.7351185113972418,-0.6992825155774767,-0.9384552882253172,2.740264043746863,-0.6350937526706856,1
3.677738817995966,-2.61780596284823,-4.384660548420706,-0.1969252264791808,3.0291882843913434,-4.4450457047717435,-1.859269490373523,-1.5199665846031227,-2.0892342592800572,-0.6828558391277644,1
0.24861028661058002,1.240026149458271,0.04619330405493183,-0.924684921955287,-1.0483508426530603,0.6881644253673228,-0.026569837705365584,-2.4679997006322365,-0.9197184839490037,1.2395705943740873,0
-3.0975700531133925,-0.8632511758157279,-1.5862365290280909,0.30486083250897184,0.08347797965385384,1.9097704863282865,1.564719999847028,-0.5471724565014974,-0.5335844032448004,0.9389213232004446,0
-0.9792531834185592,-2.6954013563954073,-1.140437996256742,0.5752486829103631,0.6026180201343618,1.1761562605404743,2.9581228463387332,-2.047395530899092,0.24715283654133102,-0.2568769553999002,0
-1.6935919207924666,-0.4877609227708709,-0.7923877694995135,-1.4757897829360185,-0.3317301651559067,1.0763811800165535,1.5547153689160202,-1.2765392365358301,-0.5331000742620926,1.0088860326704892,0
1.6627374349593638,-2.708384099683459,-0.02394004504868319,-0.9600274851847918,2.482442294168716,0.5427529233077087,1.70508923451915,-1.783073755662325,1.113823410318017,1.4529805510997758,0
-5.909461356157938,-1.6574232322893767,-2.7779591523343097,-0.17810973164181737,-0.9026918089945215,1.540690281847708,1.5068765535002293,1.8453394187883538,0.36766639258445744,-0.2148350598001949,0
1.1867985304611666,0.797336780911434,0.11988671034981957,0.029581222694343726,-0.031177008984986765,1.6527118607537195,-2.4103138751087028,-0.9320934502529418,0.9846525017372426,-0.8550195851140278,1
-2.5174565790723515,-0.015683030459511346,-2.629265346626484,-0.0013124756379047464,-0.36469445390552746,1.244229165278524,-0.6439337942791676,-0.1198669940563567,-1.2199953133495445,-1.2134424238694175,1
2.732808633001347,0.5110983227880633,1.0260506321577925,-0.15688957535917772,-0.9436133756730272,-0.7676516681365113,0.6069591114998005,-3.8442571941995545,-0.26644354751140253,1.6218966178280927,0
-7.0108426265730435,-1.5275824715610327,-2.8879111167643563,0.028339484886882267,-1.6182568458391824,4.172158664556786,4.283699045447502,-1.65508949913327,-1.3307978976308366,-0.2683610439521593,1
-2.2556878993246396,1.0212133918892345,-2.0078357543963508,-0.8132320396200798,2.4134719914630747,0.32578436981624803,-0.9042739949906811,1.9641389719341118,-2.7448487909408312,3.1251317345827005,1
-3.2215761601596475,-2.8266404497376847,-2.0473010578058104,0.18571678350042978,-0.1922750053239879,0.31433998886416614,1.9146973471118334,-0.07910841320187267,1.5713199506302495,1.6962378636908295,0
3.530233757295207,-1.1695519763928675,-0.6804532085397317,-1.3718524508261911,2.6644916976672954,0.6490318899164271,-1.6395639555822605,-1.724343611107221,0.21635913323594436,-1.3930555057409078,1
-5.8108127853243845,-0.45672200524596934,-2.439581595873708,-1.1900654449839978,-0.20414590019278267,1.9882454778368113,2.8266409734051314,0.7876986936336674,-2.295101099264625,0.995688939686924,0
-5.690148747301863,-0.3141062340328337,-1.0272604322990557,-0.4293690780884229,-1.1093929720731364,4.1546794060607475,1.4919312785697967,0.700924862417642,0.7978596839606067,0.604270025135456,1
5.568961270481184,-2.377144944052428,-1.4166886792506574,-0.7169337982521433,3.4446591047271893,-2.2963137434966305,-1.9974683397648814,-1.938424874677978,0.31099955877765395,-0.752402440311139,1
-0.8866249882160027,-2.126222959200832,-0.29904832970854456,0.016386918479636112,-0.003988727919776114,0.014139572678903423,0.27711477649252514,0.5057890217069476,2.951166507817069,1.1724159907596712,1
2.256100512657331,-0.9948867243124421,1.8878134787839311,-0.22241438785798784,-0.8805005929509331,1.6165385633282172,-2.0850192403284358,-1.190491560389127,5.271976810111476,-0.4445575728652382,1
0.24616997219063852,-1.7312319027834673,-0.4414509821213126,0.7403964666486225,-0.6571256631766631,-0.8877614228362777,1.216468536313791,-0.6448819415799598,0.8113746502826333,-1.7679814964302756,1
-0.8507578972049257,-0.804132082700621,-1.726169624988203,-0.9237978314205166,-0.7728888622102398,0.1770434927872392,-0.8362803549378841,-1.2766511471237973,0.9567793090136958,0.7202742746603124,0
-1.8108494555735097,3.121384921074394,-0.2758758393763744,-0.4238386057811526,-1.8146867286222221,2.410451974894327,-0.5091265921439492,-2.4222470186053693,-2.2645346744599752,1.9189507114872986,0
-0.9333100193332544,-3.2084169007717707,-2.9797933075110423,0.16203593917660122,-0.32933828030940804,-1.6180882912347876,-0.5425110522781895,-0.44371473372547576,2.3865466644859,0.4274383126909085,1
-2.3850431204345854,0.47459108330800476,0.2312546063373131,-0.15738205087900448,-2.4200890756862092,-2.016134057199533,2.8576864284640298,1.189532508814636,-1.7694553054519226,-1.0315247126299822,0
5.297566691192562,-1.982134393387112,1.8237882015128553,-0.1892627533463222,2.111318953520715,-1.1401492797248267,0.525930151029913,-1.838475819277304,1.5817738100376608,-0.8691447225313065,1
1.1113851786317088,-0.4188102939315155,-0.5407744306424014,-0.9887482033289855,-0.02246959062770726,-0.7408897651743196,-0.3439287102899785,-0.41493981124452317,-0.34952337973724323,-2.0910624301526473,1
-3.858987011659104,-2.722980017657307,-2.083681137110971,-0.12772534099378857,-0.10674421533848599,1.179815163394468,2.9773808160694744,-0.28923187080625756,0.5132436464009555,0.6531204058818789,0
-1.0742908834656266,1.1099348198096526,-0.8611351422445012,0.747436340539774,1.7350240918400361,0.7142300279418321,-0.4553096054456742,1.0712902067180403,-2.3059626099672124,1.4158343962669995,1
-2.720181976896328,-0.41490081485457836,-1.1640404442616872,0.5142057552162829,-0.7091492115635252,0.28049611152968434,-0.3673131212338172,1.424847495337366,0.9513449287398781,0.8248614709448076,0
-2.1509793671212445,-2.4761061510835436,-0.7079693479079199,1.1445587513862205,0.2667359997722163,0.6418823793106205,2.2572892954535533,1.053296515974683,1.1205090127271893,-1.3568118908140216,0
-3.8186672152281673,1.5250348317998241,-2.3123168681748463,0.6107380590145758,3.631982481106556,0.3962823723081227,-1.3359073935964698,4.5507054884531115,-3.4276498419833765,4.337439661857825,1
-3.3573813700850077,-0.5037772768358135,-3.550580038391989,0.37841925848826885,0.8609952224196881,0.6726725438924419,1.0274911857445734,-0.9860612462138274,-2.774412936323548,2.492686330112768,1
0.08562653504773789,1.356324055284259,0.4462720616559168,-1.9667442453840378,-1.0041938181394214,2.171380217686696,-0.8638869315180173,-0.9731029723847479,-0.33616072729646485,-2.5041699930059553,1
-6.238513725118813,2.839085718064849,1.4270139295498456,1.9072801712514338,-2.612877114156923,0.8882382818255502,-0.05450763410256898,4.992619569614895,0.8862975481612662,3.91483670478705,0
2.625391944129091,-0.996276254724928,-1.170584092022526,-0.46921624820225877,0.8763991627168637,-2.2555021968731195,-0.7081646403346171,-0.7667799805795541,-0.8471223248458302,-2.0031657557159708,1
-8.468640578490227,-2.5034650266011,-5.576346188056216,-0.46122962732716205,-1.3568914901439586,1.257302072410559,3.3106875237960085,1.1519712866700615,-2.1957275696665923,-1.4340636548153003,0
-1.167876018491662,1.038929791575798,0.2797367646902831,-2.1445230250103458,2.137486262001487,1.2414542003602664,0.7675773870344573,1.7941678096425773,-2.356694775293579,0.8722017316292141,1
1.1274289725149573,0.4826286129780269,0.6130251390313275,0.2329776448569604,-0.7658180776536476,0.5896374373804845,-1.1402480916377267,-0.6500815706561596,0.8649101889595334,-1.6011637919268222,1
2.7159343633465687,0.9176793110934421,2.698693509696451,-1.4112069157837885,0.5938011384869495,3.0167399842323146,-1.42228771222548,-1.1336397688229203,1.9649354191550978,-1.243833284986594,1
4.367316298088956,1.1707805960842859,1.337362634837202,-1.155404670784313,5.121825285295074,-3.81156465804544,-2.7137145256167408,4.42725982985618,-1.7747653333008975,2.4982307833598005,1
-2.922543786695937,1.455089628218852,1.2177718467726226,1.214700118305385,-2.3409917299992085,-0.5056236818881128,0.18562726229521065,2.75059509606964,0.8899181224172473,1.2878900765188062,0
-6.870917819059579,1.620083456533986,-1.8193468971980233,1.2966331731741372,-1.7400615603370575,2.9996117954786508,1.6006917012294632,1.0096810102150762,-2.3236362186369197,1.5700820740741337,0
1.859917962859595,1.3292978698481828,0.7743955455433646,-1.1307583561440129,4.299898080529037,-1.8643869129818587,-1.480366610671112,4.006521653291214,-2.403327000726631,2.07693974985391,1
0.24224681464357348,-2.3227992453526474,-4.794585820528994,0.42352163974679496,0.8220387187139492,-3.576188807794267,-1.1876432364811784,-0.4521532284094786,-1.5787712485764045,-1.2689310138180017,1
0.14965957504371205,2.157430838047016,-0.20370834314213515,-2.286984825531792,-1.1363800034972662,-0.18319343129016086,0.8779136747269798,-3.205117864173465,-3.178483816516873,2.3903840893314148,0
1.4517477948569562,-1.0998685980399898,0.643278828700705,1.7681879440428108,-0.6100901913455508,0.7496534748445374,-2.5955791383289135,-0.4939881231986878,4.6904176608666415,0.33365200774606674,1
5.910317368844126,0.019954682633350963,0.0646582917904428,0.473921424516787,4.941630562997691,0.6088366074938165,-0.6996133761239798,-1.916616520796476,-3.6915436016127305,-3.6327587203885447,1
2.4545099615297383,-0.9937416261564836,-0.34269689375252055,1.250685240078518,1.5281161600414,0.5921327282645097,-2.1677950517689535,-0.8328713304390212,1.6981781964156157,-0.6228926998048203,1
-4.065644452535776,-2.9361884526072903,-2.3033089776088174,-1.6527694797430459,-1.6393083141716702,2.4000537689286343,0.2601852075085809,-0.7868719942695757,4.074148119540897,0.8180636037892104,0
-1.3421594594706956,1.1345217880515952,-3.4640410332255267,-0.6936853891967395,3.5129322015827382,-1.8070006015336535,-2.8727074261869188,2.53337645344992,-3.393989429824493,4.982108475619103,1
-2.020240632737089,-2.6995145050691076,0.07286418793936655,-1.6326560065470286,-1.2129077248857825,1.2099645167087112,3.3164536826506925,-0.4246095155576066,1.9174035858184824,-2.305463381561343,1
1.076488417654708,1.3514614546348656,0.4440425281652074,1.4653999357386733,0.03143464236841609,2.500712392757434,-2.1438832946747333,-1.4157381768460304,0.44105957167700394,-0.6397904362780495,1
2.80512821693365,-1.6296108501628308,-1.272521882018951,0.5514265707336905,1.9604398833127998,-0.24148828397799693,-1.9460904973636493,-0.25543640614983,0.5726197185997299,-3.4900594334197836,1
1.006918327395436,0.39578199752166277,1.8611628565140572,0.20603560810640767,-0.46067390314592793,-0.49703691787708637,0.8684076104690359,0.05689803099911395,0.41985576919345324,0.14803891083444343,0
0.3393491864075621,-1.3177593522347955,-0.4746340984867723,0.36920272876950466,2.6592458231271148,2.6201442457552324,2.1115451986167915,-2.4758631079554676,-1.1887993307213804,1.1186144172316077,0
-2.681162589133,0.7490600315691337,-2.490116275428837,0.01115969073208827,1.5324825620474978,0.9765727801770552,-0.10365126631818722,0.24383926130151767,-2.9516460573719394,2.705078602711632,1
-6.037464455959751,0.24862563461329418,-1.3778634562040093,0.4034807398473197,-2.2815897556154923,2.0996741077136276,1.6410905451415507,1.524907692266983,-0.33000141816723616,-0.2460672184865751,0
-3.372806217698143,-0.5733192078276154,-2.1515939866621396,0.4436616195734362,1.888929516477456,4.152141476378021,2.272309269921709,-2.3239179388237052,-2.2522677217217257,2.869203305747404,0
-5.4818224905999084,-0.5624622973507725,-2.1495541926575603,-0.6393507974787962,-1.2189144929253217,-0.8384397863815101,-0.21108694106475379,4.00738975332977,0.9110374827285868,1.7635058957260035,0
2.7586566303556994,-1.5562344810802877,-3.167869986297059,-0.15708779033948211,3.0089446136695956,-2.339305195067702,-1.1827162954999115,-0.6064645499464953,-2.7706352623257064,-2.496239957645744,1
0.9532885554152378,1.3015778490530439,-0.6417896183981774,-0.49752678162622843,5.452801149626458,-3.0584130893522774,-2.62159580416653,5.753519889834157,-2.9923934214760086,3.9531202458792545,1
2.95803477689275,-2.8961841256825234,-2.2555931725245992,-0.9546141157663501,1.7975266639638878,-3.1888087174509714,-1.7614764789096138,0.25792888195675,1.0525780753961445,-2.145528024784303,1
-7.490388246577443,-0.8416089038314787,-3.1754999369256693,0.26381189532990224,-1.9737614819331573,1.0721673963783418,2.3565760603308457,2.220971620281001,-1.1629991593696687,-0.3356773603633514,0
-0.1157785867124839,-1.420319482964428,-1.1920822354264748,1.3267626155548096,-2.431313612492813,-1.4887820207876348,-2.0428300395665704,-0.24840370870037543,3.5539843639688717,-0.8006315601478617,0
0.40803943923583796,-0.5368724295694628,-0.3215180387437444,-0.4028009532440316,0.4622168509954252,-0.01967278223912272,1.8616931103904304,-2.1767352520703493,-1.3094307972769967,1.169574508986226,0
2.4959652077440175,-0.9292966250369273,-2.273111134914833,-0.5975894139056287,2.9760970618554623,-0.4147973845063124,-1.6751355280763551,-0.8779645132364511,-1.8287293014503354,-1.7566159880073193,1
-0.9832309356237626,-2.7517134755577533,-0.8774037031713215,1.4731181322968416,-0.07318214038438808,0.11011243389978576,1.8015441997000752,-1.0850742041130501,1.972485034026846,0.9279341915993482,0
-1.9498142036804764,1.7450486323016499,-0.04979588507436283,0.43055432963824136,-1.1692120728888498,-0.6868783173086939,3.1545253499854065,-0.8249817614219902,-4.302761539376409,0.921424037373446,0
-5.676582832327913,1.306422865469996,-2.4932110360341744,1.703652182925419,-0.05211259896987963,3.4644000763497913,1.668328302121203,-0.3073972819627123,-3.5776041373980476,1.8413023021133927,0
3.6242459837269774,-3.2161101612013496,-1.1097426193378797,0.44907817177113124,1.8651931279547989,-1.7146713651684005,-0.7453044037493122,-1.9450176317599963,2.168518635583111,-0.0786400301669391,1
0.14252389128695397,-0.7467518017308513,-1.3103596995114786,1.6294037701102353,-0.14251674478176546,0.07082735934756013,-0.8228290154835951,-0.4194013180665602,0.22557509406015808,-2.0472586172051406,1
-1.3972698123434828,-0.8159587991602422,0.20281779746389095,-1.393147351548206,-1.5967934656201856,0.6087392523401379,1.5034357082345458,-0.9862284901145507,1.3447413573747404,0.4136345763319921,0
-5.635243502636476,-0.009752095327924194,-2.647104333477042,0.9130212663132398,-0.11398027180419568,3.5354037935110325,2.4809998872376187,-0.8180610805370185,-2.609067070460455,1.2562180766900737,0
-2.6939603847929128,-0.06342050974597929,-2.2045282824730537,-0.5309423855777388,1.642087330830531,1.3053111418839987,2.5033302226445615,-1.1500502563227402,-3.881313734360745,2.2407055816383847,1
-2.618735737813611,0.03351840005289601,-2.0095485222867966,1.3961448290669536,0.7998178340371167,1.8232002214097693,1.8479830014969871,-1.7405421283665796,-2.772430917146349,2.1317186981412757,1
-1.44659814635736,-0.9427385243044559,0.9108285852326627,-0.985341312564031,-1.9955730261852533,2.6329423846391884,-0.565539035638712,0.27200690766251867,4.192566850104886,-2.0203522903203903,1
4.002325089322924,-1.899609553300565,1.9658079289139483,2.0180310268242314,-0.3616233311009529,-1.5778449157416135,-0.14038076499748076,-0.4539146338517578,3.222345296062382,-3.327825447491822,1
-2.9649263033147557,1.2703674920183787,-0.14509588458722655,-1.4363761021769448,-1.8957153665558981,2.8209320680917305,0.2687000092390033,-0.99885543054905,0.03731038943050646,0.8285028922814769,0
-3.017287841947128,-1.309455811421057,-2.7228488465899234,-1.9222062835015614,-1.4004208370707463,0.9289384282896201,-1.2384850949579245,-0.4308396700284649,2.035381539227816,0.8886800454067395,0
-5.4249070093479395,-0.7881438922626905,-2.350041848102945,2.0723011214267526,-0.22808540982444425,2.3828758466573117,1.2542975338641984,1.1511187161456813,-0.31863998820417194,1.1215682560796973,1
0.6206116243158637,0.21299593807471895,0.3078088689421117,-1.103583110505208,2.3425447258034255,-0.4465328917494955,0.5018717141258742,1.3456070525685333,-1.6994598539773083,0.8583560899767039,1
-2.24012026678814,-0.12342326708372148,-0.5697794958494529,-2.5338712002048056,1.448878144530216,0.7207550764122119,0.16948644237136257,2.4765183673896063,-0.39517392046605193,1.3325571687199378,1
-2.4528125235338294,-0.6387645109411944,-1.0728749714327823,-0.15238426921112008,-2.2499693348136613,0.9488596627074714,-0.3665866400296576,-0.697245852246687,2.1580722399894445,0.6074970441627472,0
-4.075221448351387,0.41308792229629737,-1.6576403575321341,0.9329254474492837,-2.212473242857379,0.48579844687439044,1.078644259452245,-0.15238084162960686,-0.8684964514068638,1.0843717577210819,0
-8.58007850690218,-1.0744634638965735,-3.61657997436628,0.2181572693420262,-0.8426003509032642,3.484301693860886,1.4529439747940667,2.221207427453672,-0.05508587649563346,1.412187777490622,1
-3.7489399781560397,-2.78242918195364,-2.055699658006791,-1.6697100329042387,-1.0475355414861038,0.3770141079422413,0.0617578764447696,1.3609394315737124,3.580331355076138,1.0061469064111113,0
-2.1989695069080564,0.9540664315545451,0.06365289113413564,0.5090680502810117,0.01003770742072918,4.189708251368671,1.3548679724075772,-2.1499005735516636,-1.0402211975516473,1.4930406899901367,0
-3.8710053527274053,-1.2759406862659004,-0.6295141075781971,-0.03218064868525681,-1.2057595986753007,1.3671398403694757,1.6818844874357888,0.809184586225219,1.6381846574296095,1.0228585952483158,0
1.3692206436165868,-2.1185800613525845,-0.8506859057572811,-1.1626979744108417,0.06814351737127289,-1.6087852826653766,-0.7970849303908272,0.0688709618735539,2.0494845391647285,-1.5601198079464984,1
4.1547787765545765,-2.363655408152358,1.6457541437134644,-1.5637086379769032,0.4249751023487689,-1.5064006767759186,2.5319868051202095,-2.7680711453225104,1.052996716060535,-1.8587523372868602,0
1.0100056293927242,-2.5983786608799937,-0.06411446877437077,-0.2259298135527842,1.3552397541234305,1.7923517193043519,0.7647723774723552,-2.3204677298106153,2.651676392343118,1.2892389220894536,0
-1.4371357913289031,0.10967424494037163,0.07043903578955835,0.9058259828170406,2.259104498000488,-0.16278746534579303,-0.2959255792918958,4.202638116124403,-0.5635285606982675,0.6112822345229201,1
-4.0304136377460065,2.0859187311998606,-0.9341043645463742,2.1124343845288482,0.2859502352999934,2.836390293853816,3.603420635709881,-1.614779701985087,-5.439871157408187,2.4623531720135405,0
7.513941611310997,-4.339892085653612,0.8904152661092994,-0.5243533892074038,4.340200273635231,-0.6903073614998463,2.255293833054907,-5.417681658218496,1.1589858672706286,-0.022130645090720824,0
-6.1053637062843595,-0.7216197338347916,-2.5495685582824725,0.1338551203700875,-1.465003634270325,1.0146552337956718,2.670926170031167,1.2400175210115403,-1.5259341424855486,-0.01607190313002338,0
1.458964428970342,-2.6031474393073726,-2.9947249719300917,0.8598190896544985,1.9497799764041233,-1.989783882733144,-1.4455498750214257,-1.7900233838856616,1.0439923364886468,3.28840705900896,1
1.6650506711926418,-1.1022751386053404,-1.6183999905944007,-0.5158210986745075,0.28992813913044035,-1.5492506920934712,-0.49684415731026077,-1.6008344936248897,-0.5300838006225754,-1.1220767023347618,1
-4.806554310113134,-1.6026440215197644,-1.3067460235273047,-0.26025668762132204,-0.9347688558888692,1.3885149038060651,1.6935343930384714,1.0704376473965753,1.738961977106317,2.292166403385611,0
-1.9482175628368814,-1.8818254279182003,-0.8310781404498044,0.08363120258919561,-0.536898079199996,0.9906767364844126,2.159503658569733,-0.8816367962945844,0.8580390272833813,-0.13989918067748697,0
-2.256617455585113,0.3621157082072008,-1.783967854991964,0.495595714897693,2.457860794925451,-0.6330513410685699,-0.6599171687325116,3.7780326308951775,-2.336470207863593,1.065167019985458,1
-1.1416059120405397,-2.759620211804583,-2.5323436723087225,-0.11018129725628234,-1.421043281125601,-2.051425136124193,-0.4193612004965005,0.07566953241251428,2.3450269469596603,-0.9496282029133098,1
-1.328370320426896,-1.9916740272950133,-2.2754656873609624,-1.0965640647330295,-0.7338909641089808,-0.7122397054929965,0.6804980681947004,-0.2442714918701513,0.20059953435557032,-2.3122785407299524,1
-2.1005317535394297,0.14188465871418005,-0.9505404284748075,-0.5835008381647494,-2.212099042123468,-1.20904975886058,1.1628896429931057,-0.393515751479914,-0.6879479234713815,0.5763067662330399,0
1.7304260701703,-4.013578572350207,-1.0514383461943195,1.4855953229646472,1.4093871841113246,-0.5685673953311781,-2.0249401638862192,-0.2424623886709989,5.629882200910323,1.4128239510153917,0
-1.203372221076247,-0.19231726748652306,-0.3644595145358256,0.8225499745759749,-0.21471478804684796,0.43814539941145325,0.8608963727222004,0.27091230391987053,-0.49026241791095404,-0.6038296343787248,0
-0.7462245489436256,0.16099500873438333,0.756423728558985,0.0385067342796963,1.760650263948686,0.8297537729290534,1.174809840409094,1.8728355890774422,-1.073783055007596,0.20234310225861585,1
-0.7071040043095136,2.1884247187353125,-1.0033282377472748,-0.5506847292157192,0.23572065459931824,1.8382264178985115,0.7856695850449218,-3.59630086787521,-3.9512765423332223,3.062758364883123,0
4.191090615898034,-0.9335515638460691,-0.8723089953423593,0.3775205798036995,1.4146320198773108,-2.9768997075460506,-0.212529997361116,-1.200992576159059,-2.1033425736614766,-3.542880811765271,1
4.015760341690346,-0.4381452741988136,-0.9002448369961089,0.4829468294451999,3.0374439555493207,0.6764342284115841,-2.74617867007976,-0.6526058246919078,-0.8156639064340636,-3.948205838985321,1
-7.537319712990938,1.9577097039170512,-0.7475994052604913,1.022211142689169,-2.80651895708266,1.6460026793882971,1.2983397713210523,3.3603233000544344,-1.001918403729924,1.8281663889780866,0
7.232369267283146,-3.8560866865470302,-1.3155127445738055,-0.6306454786812125,4.949046708958271,-2.6349445749746865,-2.53886051302068,-2.4767254119149333,2.1659437466892193,1.1077686759039684,1
-5.949854465355783,-1.4971810169863407,-1.6210505481829696,-1.595895424614209,-1.5313858719816156,2.0828375850258443,-0.3497489277939736,1.9597292979917058,4.041978401097707,3.862752315209005,0
-1.9393509736624672,0.19683551464846918,-1.2655731979397107,0.6947328548927422,0.9852039172576494,0.9761208026003181,0.85144607219492,0.4425990481486567,-2.09662813089154,0.39309994232910084,1
-1.6785725731434353,-1.076132814562707,-0.5265638594890916,0.1663371168403444,1.1765330224323558,-0.42356974753456167,-0.13106770108990884,3.150320715939985,0.9613795381538204,0.5100973063596673,1
-1.810523484974757,0.5415532388657217,-0.8892403007160032,-1.372338406803959,-0.9114999338159474,0.17931448619022639,1.618367116015871,-1.3148769232050324,-1.9702035215048006,1.2557789359209952,0
2.8129142109306904,-0.4834704407375755,2.5721528773347435,-0.23575030304825115,1.1598022872107552,-0.9408445894311952,-0.13553441833522073,1.9224024314233077,1.6383024661463894,-1.7986039613936176,1
-2.7562327479541158,-0.667072492953003,-2.1059739673317495,0.06672551915547277,-0.08090920989235861,1.7459150768920009,0.222781662086609,-0.6907367094499655,-0.15961020061153963,0.9365339758325284,0
-1.480396763524432,2.480688400295422,2.852702525081111,1.8549058518796637,-3.5651602547589443,-0.004334289020168747,3.105231640012392,-0.42776549804183717,-1.5100222050728909,-0.4525401211959901,0
-6.107223659083977,-0.12835226278199993,-1.1301182141209114,0.05596708609818709,-0.47886890975279106,3.495727595197769,3.0897576668906024,1.3650604326865778,-1.4458816645549761,-0.08502202938196346,0
-4.266182856221257,0.5725462924409636,-3.16891476207332,-0.37301238048167396,1.1525553168009381,1.8907228738067312,0.5405430201238716,-0.17964706311486256,-3.1244379952779937,3.267179198870681,1
-1.7939417956521515,-0.9132133174685269,-1.5572637124761126,-0.1336662444220193,0.3360772845023766,1.0677463141731043,1.6776743088720019,-1.691397514832094,-0.9672058391226055,1.7006266135520036,1
-0.5753602766949785,-2.104317092372276,2.208048537180103,0.888410365683743,-1.1058454890710903,2.620090727842138,5.144730527740533,-2.1335851635914795,1.279982853193364,-2.9224077025032864,1
-1.0042590353194678,-2.017085445028227,-1.5798752707132349,-0.619834497227571,0.9846077725126032,1.299755858346449,2.0619412601272895,-1.2429956041069774,-0.760575834538707,-1.5440709839438749,0
-3.4666527599438237,-0.5820495335953942,-1.6969179399287766,-0.11656215519923845,0.49939956694529586,1.5099021999875535,0.9767105407140066,0.6486166063752117,-0.6005908478750293,1.6468136221211274,1
-1.3198367271706983,-0.4028710799203192,0.517702807736804,-0.4735721099392094,-0.1513326051540802,1.666856376051442,1.1704789890971228,0.470686720041808,0.5291366256713872,-1.0699295639465585,1
-0.7964398402655066,-0.5860971148755058,-1.4611937703534352,1.1825805424146174,0.45272399452641454,0.31706970735301365,0.9879376885793455,-1.5059300692132156,-1.25714512482747,1.0873736552011772,0
-1.2959957792753183,1.644237298802425,-1.687131681949828,-0.3150839277023093,2.515490466270754,0.3292196387544879,-1.7697448026356928,1.4333414332856083,-2.7282964422422546,3.7315457603255324,1
-3.462998909772183,0.1950307436855774,-2.529269684450633,0.8326164167814746,2.3531437020326313,0.5874423139878153,0.782720342845415,1.6779705134693028,-3.2297914565630457,2.97865932538794,1
1.981045670684496,-2.7826727585242566,-1.758608357779067,1.5110637942826302,-0.05188733476521601,-3.544170998036655,-0.43898066104739863,-0.7880206783184852,1.5448481071237319,-0.690665693025694,1
-1.0059783836449254,-1.5958952190266107,0.40696613043021146,-1.2098660041281237,0.5153956827040249,0.6154841723377591,1.901937632104128,0.49907852486671334,1.1745238234373248,0.43518423286700547,0
-2.2444710913674046,0.08660392935310439,-0.9398996646271611,-1.3178859443095938,-1.004949111079084,1.3577267046984915,1.0799635263913259,-1.4733913400741863,-0.5032303997534535,1.4303704012752496,0
4.039005891133612,-3.987111418113167,-1.5680278997029578,0.824296077685584,2.100999225669976,-3.1533365068313994,-1.3011724370584488,-1.0032836345856042,2.8244122265382936,-0.3263489324007799,1
2.403906458981599,-0.6110017576405307,-1.060234641318211,2.929520224648071,0.9586047272904162,-0.20077838211582533,-2.049020497554493,-1.418995389276812,0.4122470267923094,-1.1120618765106722,1
-4.316018145975788,-2.8981622097271242,-2.6078821756588155,-1.0534685399953643,0.07320503331554451,1.4849392108693515,2.706543107815442,-0.9076710659718537,0.9065533572091968,2.6371037284130447,0
-3.0685094780687647,-0.5809037522107658,-1.5059419787234387,-1.2002002944975594,-0.27739520213128377,1.6487020282977172,0.720652185352894,0.1096855927981093,-0.05818565157698008,0.5295536002369474,1
2.1953705628257834,-1.6807761746922094,-0.3521562746973822,-1.3629225503524949,-0.273222672642893,-1.6633387777149218,-1.3505003248406977,-0.2060787150078327,2.279027137095049,-2.075342383732327,1
-0.012430423524928293,-0.36559806129643424,2.0031978153397545,-1.2268845934519599,-1.2774164232730283,-0.145275950699991,-0.2182580520328723,1.0972084211169126,3.481262465061267,1.037273524868983,0
-0.20863226444227276,-1.102201477400857,2.280599570496345,-0.44711526876548047,-2.720883966178282,0.9479101302944282,1.6458780880810822,-0.5915442539201863,3.5795701972288168,-2.111683950221237,1
-1.974172892022733,-0.3860494896543789,-2.527873516323769,-1.709259330697319,1.0544077182109985,1.2612193354800274,0.813983001824657,-1.5734200548179493,-2.1827532642317653,1.8062321157091863,0
-5.2340026252503655,0.45440903659078563,-0.21122620078739107,-0.8253673640215735,-2.202555290791998,1.0687764112971947,-0.859811412163012,3.8383852019320845,2.628138455755642,1.4802601114202751,0
-1.2881091499137909,0.5849420630433091,-0.8509982359852823,-0.03384759371176399,-0.049589265598504295,2.5008002627135943,0.4446069295701548,-2.537170870511062,-0.9851086677494624,1.9312180081685186,0
0.6696713630785651,0.17554069418619536,-0.568091731813562,-0.9000503416090286,0.08811229038769919,0.27515508780989284,0.943788882689607,-3.2262222881682607,-1.4193835671167725,2.137682574968565,0
-3.638844007584992,0.610981587964078,-3.0139277018381616,1.4251492924754496,0.9295120139899467,1.7754597195518538,0.45810819424802873,-0.7391087258015188,-3.078066977091188,2.846465198474415,1
-1.701266469853128,-1.9662058364811077,-0.904890700258494,-2.367457713037522,0.20591359242770113,0.9472253756566535,1.8243203245339408,-0.19921336931447375,0.7118572647149937,-0.4617994271761581,0
-8.910846598380141,0.2088533807173104,-3.2852725054712444,0.43083511592652446,-4.175040547422572,1.5119918730709405,2.089981780814079,1.8784488807880229,-1.1658277507446884,-0.9914292467204568,0
-2.6750547926369337,-1.403663587978394,-0.6616000551011918,1.0770425443220926,-1.1779300103742776,1.016110941292976,0.6723975411443601,0.05170582892263831,2.4224240419560523,1.484078137489453,0
2.421957222828104,-0.6692318711248625,1.8965330936786753,-1.826101520216718,1.0122263642559086,-0.7943382508704808,0.22608752422666023,0.9276121369594312,1.227348002574617,-1.1542346829212198,1
3.0179565705673244,-0.32380249333689987,-0.5692879694728467,-1.8571969111478615,-0.4304819491786376,-2.56140356780185,-0.3670413962501098,-3.173018955510322,-0.43599186618200914,1.3426714059650782,0
0.39021246360776096,-0.8035477891776358,-0.8987255055953264,0.45133236571150387,0.39926272857490264,1.287383412630572,-1.1114221714566397,-0.5440042100732537,0.8352340826602577,-2.126165441626795,1
-1.270797736384486,-0.06585199821288927,-0.4170666050037365,-1.7509586051790058,0.16947580112452298,0.629731007685316,2.4326158620724705,-1.2161795393207313,-2.0032211410379395,0.8798319386280271,0
-3.337924646297635,0.48383587113748605,-0.6885184989340569,0.8953956606877576,-2.130059596212555,0.20290256991314026,1.3556407768531606,0.5516913372364789,-0.7399578109362737,-0.13919283177413733,0
6.586830908476087,-0.9145249528616178,0.5409850952675161,-1.9219859587873849,4.156683321520248,0.32453522538142776,-2.0504377687512974,-1.985556590843633,-0.32929424901823623,-2.755493513539409,1
-2.511363968659349,-0.13972438685561736,-2.115978325182308,-1.1879003788340832,0.050085330083264434,0.98169926827381,1.467526283465417,-1.7232802403592733,-2.0709461567895504,2.1930640387384246,0
-5.151171693940046,-0.7902275106316654,-1.622727576659872,0.20179043158519003,0.3844980897922965,2.484444105124002,2.988182280426309,1.3553680402381292,-1.7173186564954315,-0.1605794987758038,1
0.7250014909223862,0.6636289903692681,0.4576337593272275,0.0118726847109879,-2.414788692239414,-1.9420275359923527,-0.2749650582271843,-0.6818633437601861,0.3167639985863586,-0.7263638677358133,0
4.294409252225284,-1.5528253715258158,3.069583097578656,1.3683857984152936,0.6655881287219074,0.3331619542462506,0.29479869681050463,-2.332412223491591,3.9662800638605833,1.2777088815003537,0
-1.7904152355057106,0.378928327708485,-0.42950442626687957,1.1902944411260739,1.8629781662029465,0.9070156111232017,0.4558590455023779,1.86076125499,-1.4617494401384277,1.6481292061553736,1
-2.021156760159323,-0.6334750690578775,-0.2893913035138038,2.1377849404919465,-1.1683090857798486,2.0798194487454795,2.3477465653395435,-1.8010450606213566,-0.14338926816031616,-0.5943311493947194,0
-1.4003070762820335,1.081676968503114,-1.3432086061202761,1.1469782824743313,1.8107224107755753,1.1766398824818212,-0.30819773081185753,-0.26762844575746825,-2.3843974078042667,3.5133935165818553,1
-2.1322689651018627,-0.392527409956175,-0.7135537510933023,0.5705346354668055,-0.48206780636591195,0.5982386845769616,2.2194322010070726,-0.7166994458046934,-1.1420082240221472,0.7213344432663173,0
-1.2536863112102676,-3.523971718944562,-1.4542650337449983,0.11608866831176394,0.7576238358849465,0.5766271392893528,1.5514654160965984,-0.5660462174134178,2.404808892101794,0.5361858593739351,0
-0.6789653065672782,-0.4752252807126325,-1.928067074890174,0.22150435521042253,-0.2709406530068319,0.992473729922349,-0.7271150861759001,-2.600311371966418,0.27201317301048,2.0666565083273882,0
-8.969819113693676,-1.1603850415215398,-2.3439779000697367,-0.13380677611498365,-4.260675808403272,3.0793118482744872,0.8771214866817618,2.309857029791268,3.3373347051587516,0.13342879973277455,0
-3.6857299709509346,-0.14024346694903825,-2.1315599894677018,-0.19815757864213043,0.674063657821603,1.2363186196700475,0.5574613340020289,1.3761282277847098,-1.5236040694788264,0.8241362304625888,1
-5.42538448024882,1.3352420131969711,-1.8411949987610832,0.1941728781510813,-1.2288546588570166,3.6905658861359507,0.575958965892262,-0.1565725872216357,-1.545120160246534,1.2358138008829553,0
-4.955586012880872,-1.0581439727899877,-1.3472601357397243,0.9153203567733573,0.850158710308895,1.9906366225056549,2.243250183208139,2.2992995356281787,-0.5212568200542624,1.2340141674678153,1
0.8089936993584388,-1.4991691296362422,0.7445603078167069,-0.506744018732025,1.082929579982729,0.41654085533405316,2.849807893894727,-1.2176244253308965,-0.35671921399474105,-0.4380199791047661,0
-0.4650154049909287,0.5549242060637747,0.29025773394190235,-0.030387210859127187,-1.912473189409159,-0.5857304987961278,1.0590705922304895,-1.3349475759672107,-0.41451688111875995,0.4509499676018266,0
0.49526707456917,-2.986472485168266,-0.4474015982559567,0.7981602552574777,-0.529260300529597,0.2990707225369742,0.772792610762595,-1.5715808766225967,3.204177459583964,-1.1901738649734974,0
-0.19711164239331924,2.0729843887493975,0.6696772030822398,0.13461801033868986,-0.40968063118683185,-0.27653353735050024,3.398771597814692,-2.603553711530502,-4.816485348309463,1.954306513724649,0
-0.9820847944511502,-3.722866661495606,-1.5122115252490014,0.13148506852736638,0.3781622780895537,-0.8131789828865494,2.0032465848661625,-0.01920499848219892,1.912278857500882,-0.6767894767933169,0
-9.872559218440845,1.3859095007282636,-2.800464065766848,1.6854219335690526,-3.0619044880953243,0.1562154091783713,-1.4543278695596107,6.7300626582685315,0.8626767237618523,3.021542851036508,0
1.4452797617584974,-0.8471318564082578,2.1026873727613156,0.7643059123528986,1.727477339097982,-0.7659568075607099,0.6031933391338129,2.6992639412904262,1.2970221285195822,-0.6955440295122697,1
-4.755563014390287,-0.2423793900556053,-2.0460192324043422,-0.3100917164852351,0.7740515850656149,1.9620649915917325,0.9924989508348989,1.7533128717689097,-1.2009508137623905,1.7395523272213274,1
0.7868128276478984,1.5343285503544015,-0.14682751692863383,-0.8020492462583342,-2.3014804093866754,0.04700444013599048,-1.6090482814377185,-3.1258765012675793,0.3463291068212493,1.7031603214578426,0
3.9324881889414214,-2.533079908057554,-1.0535398405590743,1.032980147780695,1.8831222884027536,-1.3884031638186851,-1.787807011222553,-1.6252365193464695,2.007397590011939,-0.8152273570221241,1
-0.2464262216469242,0.35183467522410256,-0.1576810026183394,-0.9641765049072287,1.0689526970206709,2.500314610635624,1.8138809957962143,-3.120414423262773,-1.94534557659213,2.1346421643143305,0
-1.4220236234461656,-1.2256780833784977,-1.4338124333131543,-1.462242359040823,-0.6023440176338724,1.0070939635135205,1.404288142404821,-2.13895134546251,0.005180436435472169,0.4328767323785577,1
-5.28673949580437,-0.2324784187147289,0.10358514994765411,-0.5555511383849425,-2.454399238453373,1.6292628407885201,1.648332934018058,1.6686882267623493,2.0410230178184627,2.030571947391903,0
-8.582138728801475,0.27090856829639365,-2.147844694419194,0.5023427284437239,-2.4420093528361337,2.997462995354505,0.877465873829086,3.147298472874172,0.6228359885993211,1.1922143977121549,0
2.339161021456457,1.0196052107686686,0.7180694179275815,-0.16173624772262898,0.10079613983781233,0.47747557072065505,-1.5603012749617036,-0.6040729446647157,-0.36650317242761044,-2.7459267245175982,1
-1.7605430315538788,-0.10723019064897087,-0.44622057234395485,-0.8187644914454223,0.5398475064681667,1.4607584888178282,0.6080203166022741,0.2910016287305949,-0.25014161495301135,1.0901078414405547,1
-4.079770526616436,1.217106097582599,-0.16498262697070076,0.7777277323625208,-2.4754332012121347,1.6515371946810293,-1.1594210801641647,1.8142010553449062,1.760986698054642,1.182208545037932,0
4.284770949539704,-4.174719784236566,-1.8709632434521457,0.6511931065471808,3.1526886838046444,-3.9076871286920727,0.852518365710702,-1.695626172038741,0.22123215049255485,-0.06811941921720388,1
-3.0088468208758417,-1.6085060043399666,-1.820352422632865,0.5016921713101461,-0.12284135709187727,-1.1411016458144534,-0.264582527239291,2.7937384848199156,1.5144029509685064,1.0759272362519277,0
-3.529525447967191,-5.451900269164367,-3.222140550357406,0.062062864698615314,0.25186583673413554,0.8400831444744528,2.963916886079411,-0.8505072230478492,2.9781108434786163,0.22615492975619844,0
1.472948329649525,-0.5962171396431456,2.1833171089156744,-1.1975178641141841,1.7998945520157843,-0.22753134734333047,1.5073836950821702,1.7302132045345202,0.24216136410152522,-0.8112208216493357,1
-2.4966938946322794,1.1954326990405184,0.9474647763994815,-1.5744792743145146,-1.7175233134796324,0.09922434132936198,0.995492619377846,1.296311377274487,0.02534499675582136,1.546424488920818,0
2.778358588913414,-0.39215230260628475,0.9792492840538443,-0.854354507062562,0.2823239777401937,0.2673958871005835,-1.7639264868827147,-0.33532304900364884,1.9552640343030547,-2.356897261535772,1
0.9404591309736531,-3.31083772841785,-0.9703389193494641,-0.2949295101688046,-0.2208394717600668,-1.6991517204762228,-0.0853697111383156,-0.500689088054816,3.477658646017779,-0.2870952255062762,1
2.535869608192142,1.9771175309500537,0.5346021630037143,0.8909127260703953,-2.718584504183608,-3.5937007532008876,-0.3862902891186215,-2.709928576269627,-1.6506091811706587,1.0147281485751891,0
-0.9723919323685442,-1.7647410805936163,-1.7461612144226746,1.2226186405254824,1.3667102977240866,-0.621094525742077,-1.606257148069556,1.896642892331664,1.9653723059905077,1.540699023811607,0
-1.3517441463982107,-0.11363411888261879,-1.5568275678088974,1.8742796536382518,1.5677243955216489,0.04377886693661137,0.7949766617352054,0.45738574358054096,-2.3484592677155254,1.0849292888088398,1
1.8405369316017515,-1.2302878064033989,1.0598210082207422,0.3438164773477047,2.9764278138692375,2.2108240004816624,0.8990203620268428,-2.440265783040185,1.247295693032296,4.319367125864481,0
-0.13483771859488322,0.21104592883894205,0.9015156467795558,1.0431056347092018,-0.5976867591501763,-0.21815303089153848,1.3788079361941366,0.16261902314397525,-0.5030618364686794,-0.8574685900847661,0
-2.421016097297956,0.16843871203492192,-2.205570764398271,-1.3065258917695142,1.4669613774160455,0.5054798492074662,0.025934849376720748,0.7081210334506907,-2.126029755650162,2.2979684857977523,1
0.45244044380461723,-0.29164893374603845,-0.9328061760582028,-0.9084290627492385,-0.21517541908922477,0.8928285214113967,-2.316327299041996,-1.0783503398743963,1.793124473827805,0.38775469889728553,1
-2.6896448839489784,-0.3748142178011999,-0.9770389842044964,-0.3740772583970839,1.219062426832601,0.7807386102438373,0.379488700559506,2.224636700434962,-0.38394535475491154,1.3531672458461999,1
3.7006606252905687,-1.1928355356744589,0.7648374382251333,-0.9758923426481396,-0.050562291411254456,-1.6848278529839722,-1.658044018097874,-0.3258170883523055,2.373208215281362,-2.693722208679878,1
0.9401107612099234,-0.9639289082379159,-0.785909719667958,0.591058020261629,0.47742267173688335,0.12289666399078025,-0.8696473485466439,0.3986527213819786,0.2983675521381255,-3.8412795721947237,1
7.117300873293162,-2.698143314466327,1.1875568611912977,-0.3071772663318261,2.5632430996394957,-1.0958624367621264,-2.9766580700705143,-2.039108044070614,4.480103369774332,-0.8187451993748767,1
3.584103389762381,1.3889641009965503,0.3899063394381843,-0.028307689300739708,-2.3203712750084455,-3.1966565932204407,-1.5295341552266235,-3.356762510314492,-0.2867355089603397,1.0579229723427153,0
-5.020706416177124,-0.9472063382575863,-1.2316345965262423,-0.8107420902482945,-0.3546283752792212,3.0483295614886803,2.61044870678292,0.5746020788680319,-0.24140020634278891,0.36031063823600606,1
3.116440287519539,-0.9843174260176052,-0.8285867759863038,-0.9394193533689634,1.4403096937378694,-2.796876708434995,1.2136441694432611,-0.5691624814480256,-3.1179986331665637,-4.274510089860049,1
-1.5586683195902182,-1.154559211744696,-1.627238611832335,-1.022320468180386,-0.0063198328162513695,-0.9607029199867805,1.2476878429502103,0.5006480871857428,-0.9351667432298354,-0.5703336939179973,0
2.248467977198579,-2.8911889150780965,-0.47998069127486376,-1.048141342190445,1.0789310158065206,-0.9530615187430393,0.008471153741625548,-0.8467338442989989,2.2666698778348877,-1.3195390147520216,1
-4.729099131812719,0.40091416673668456,0.4265043447486485,-0.5361510758651203,-5.071934614025437,1.32966426037953,0.21853109012693428,1.0836769220607754,3.3729046971628085,-0.6783671047805393,0
-1.0029002893204642,-0.9995029288934146,-1.3007025383659954,-0.20740140898786358,-0.7798986974181208,-0.797274942365878,0.5023196289510514,-0.43529106497471937,0.21600888017227127,0.02368275034592693,0
-1.8974984083478963,-0.19691133128471847,-0.5191641157701745,-0.300612136575309,1.3805532890728216,1.100943240515129,1.0241100660193243,0.9032291649957953,-0.8864259596086643,1.8279390424751636,1
0.20715506306393777,0.12454251987931575,-1.2149839124942814,-0.45869708140868115,0.6508388409031771,2.0905809535442685,-2.2471801573700807,-0.7384637653322627,0.3836488351880829,-1.3169987087988861,1
1.2511359808257219,-2.9343537574055083,-3.055062704348741,0.35447191903124736,-0.7618064235679316,-4.464781658077712,-0.9528658890866638,-0.55451297021755,1.1986774436567502,-1.3560275485775573,1
-3.510412727252792,-2.0128714642676826,-2.1694923189661055,-0.36960506123547404,-0.9135052907300157,1.1994041161207525,0.3092836900403999,0.2318283785575106,2.074249507519186,0.5310961592218693,0
0.24558366790562255,-1.6731564339305545,-1.7866243885286552,0.37903337211214544,-1.4829631557568899,-2.6320547161105585,0.18345219632081777,-0.6790624905456885,0.39436915512062676,-2.0326297676464264,1
-2.747103732187223,0.6516546357252032,0.6368077756307888,0.9955765512128979,-1.3717776987567374,1.7777153782344701,-1.5766400440956643,1.5398902399398717,3.2269499822708254,3.0590600195431805,0
5.249757557998169,-3.0712280324855663,0.7393111895717748,0.5634479087900779,1.0834259602157343,-3.05191962801327,-0.10350597505627801,-1.710448607537478,2.8259239801338794,-1.0248959118248995,1
-0.9798751017532039,-0.2021271409025579,0.6208991466056963,0.37804935912477994,-0.39034464046865935,0.7592890666017962,0.7918346102351737,-0.14132131723772257,1.042425424963824,1.6926464542095776,0
-5.029918757634015,-1.2967022877088483,-2.3345874893509952,-0.13251772398110415,-0.49992055933985724,2.5646633145969453,2.8732506589843805,-0.6568987577571241,-1.0094046707345516,0.6174272589270493,1
-0.4509727709741304,-0.7088250382913576,0.7746970622164091,0.5210663299979409,0.26668621466517584,0.7007662957542292,1.3789937804180719,0.10197687634614938,0.7348928795049137,0.4798218245380431,0
-1.4367976620526497,-0.49012720603723,0.16641275415398482,-0.7491775745362502,0.2384420452414242,1.9494464071757016,2.1228312513550236,-0.7100818351088914,-0.47575394526841086,-0.06010494267843014,0
0.6719310283918766,1.6730197236356796,1.4628394716528796,0.6476886982597997,0.3527752366272754,1.2090445019473053,-0.3603444874819226,-0.4771303468110064,-0.5225436843285378,1.5541969047598112,0
2.8261685713269054,-1.1991013756621456,-0.7691294373054615,0.9780584703787915,1.118526003388843,-1.3345802230876176,-1.1450763445540266,-0.9198224041233597,0.2868791446445651,-1.6155066185417915,1
0.9638243485307891,-3.2749239377870185,-4.015942112227225,0.5404414873025281,1.5647317614723018,-3.5914177975369665,0.15173422265574654,-0.15260698553955054,-1.3845515088926343,-2.530566995257862,1
-2.9391379977537078,1.8806307038941266,-2.050754077730476,-0.15535211945907704,-2.1760904146367515,1.7829041278416393,-1.6146085743994014,-1.9165559695170884,-0.83927745283345,2.2374722666820714,0
-8.536751038702393,-1.016943650878233,-3.344160911585083,0.46184596294495023,-2.5969632113448418,2.822865622348029,1.949010910844629,1.39077528175316,0.2874906517071689,0.5012547984007047,0
-0.8590082797693686,-1.7587429977777282,-0.9229743077619603,-0.13531222842830534,0.6032147511032615,1.2832521480650096,1.387452741725708,-1.457184498668544,0.6666253485460898,0.781431974187602,0
4.1639062446046955,0.7283629645185262,3.646088299494629,-0.7989857592114222,0.9809164288558041,2.522838499793447,-0.7141157375617784,-1.8068673676974276,1.9850964463080705,-0.9308658150388648,1
3.9239104586476765,-2.940002789997856,1.8709225140798784,-0.8742321691755122,-0.45127513939788666,-2.2182196680812027,0.2156528289406967,-1.692033066297598,4.9995667060297,0.8374788432838542,1
0.23340499642590076,1.04992287509305,2.155871491065188,-0.6499728020139508,0.3175380117648261,0.845575000969409,2.300851424774784,-0.6754188493383537,-1.2249556932192043,1.6829737566319607,0
0.3794441200021846,0.5733729417006812,0.061189475113811564,-0.4276492938756928,-3.8007055231993667,-2.996588543945616,-0.8855271037787131,-0.815920699604213,1.2791296083023251,-0.23269806826353068,0
2.016523273975454,-1.888459302814759,0.4556928526494086,-1.9537186715610662,0.9942664819745581,-0.8216255702047548,0.7415401701599663,-0.41297861592665863,1.2409527756523977,-1.0634117761688784,0
-1.4241347108438154,2.8651240641696742,0.6117349005352257,0.07026058684736548,-2.6486754957208003,0.2991725930392021,0.9625088798774953,-1.6189704975720127,-2.509826016626691,1.0886509589845403,0
-0.810940010860573,0.9234232051667994,-2.366480849064552,-0.3770530723001785,-0.2443669042915586,1.0455054029993471,-2.497985709239007,0.3139445759923518,-1.598477547487795,-3.7236656694126227,1
-3.2719238791804957,0.8459845787298181,-0.21547951606805238,-0.02679551580647109,-1.3260176427714536,1.7966193268758082,1.6552349540781504,0.05445426489339389,-1.1642257914295646,0.12313507745171992,0
-6.593043879866598,-0.5944110316221398,-2.091743242015271,-0.28642059498255773,-1.6716942403580468,1.2688168904910913,1.1875155648967253,2.675753583053945,0.4884870662508439,1.0112745303391228,0
2.971678588180811,0.4040931443581594,1.1747930170117593,-0.4874683355165616,3.3031733128899003,-2.3169608815101026,-1.4496945641658328,2.858854145570649,-0.666943420877634,1.27092997411405,1
-0.0063527721101778395,-2.3643799672634485,-2.43924360996814,-1.1029292212807407,0.16266102044265984,-1.9311747003013564,-0.4554068175537178,0.0535757730438613,0.8343324007281121,-1.1169570955197832,1
10.134033080036607,-4.002345609346477,0.18407467113103992,-0.10137631907459653,6.583258672507087,-2.7565368673056074,-1.593503508264211,-3.08669019851154,1.2384342689734893,-0.4384841450970788,1
-4.399155227126627,1.1008836500715447,-2.032837171156202,0.45039185815499777,0.46325389682796514,4.0448625869189385,1.7334566986541562,-1.8856209215620128,-3.1631179287292124,2.818514718773392,0
-3.1595160379073386,-1.6104961623188492,-1.4844420284008146,0.1822825455301619,-1.0279008991240508,-0.34198862237023686,3.6385441279696815,0.17923055242242825,-1.4861967701932541,-1.803460826356309,0
-2.859580567068942,-0.6312809479665668,-0.7394563883684577,0.2422812729427103,-0.7561320451689312,1.0013611594714054,-1.029740580655122,1.8915654202893588,2.481440527135372,1.0224522777878384,0
-1.2804867581525907,0.42202093179638406,-0.5116271532116434,0.2931203056942358,2.286261573126025,0.13390784382011012,-0.06052713019851441,2.50387864072969,-1.619371778075823,1.591035859048435,1
-3.0182464441961243,0.839767764678792,-2.183960336712061,0.2573172913665644,2.190675219224496,0.5430255826530779,-0.36721013286564474,2.392041941757282,-2.969871208593256,2.1988956828203703,1
-2.920383330621214,-0.664205096377493,-2.1157200687207114,0.3299324038500719,-1.1584782149359723,1.7643341645462756,0.4707072942579721,-1.381896435657596,0.056623782520886845,0.17394108407329967,1
2.741594780017205,0.17233109200021227,-0.3312476176996374,-0.8063537776918508,-0.40222804490481434,-3.2500241444826194,0.7613395616226049,-2.7542399947814897,-2.018580984747996,1.200903270211976,0
-4.495283812143702,-1.4340181999756185,-1.4782752350001644,0.33629622832730965,-0.9087642550222096,1.4367807406748325,1.7253263013748459,0.9938641168105349,0.9471561587575694,0.704364921327886,0
2.9720528018919983,-0.6212196646050193,-2.86601857181443,0.10080883079926943,1.6005656861743065,-2.859228147884992,-1.689040828502855,-0.7147822014429126,-3.029226511711091,-3.7449596879753453,1
1.872608992231404,-3.038376304656174,0.09430020191163879,1.7670008775904165,1.5993249856508078,-1.9250135739892666,0.6401692306112141,0.720158062673208,2.3487477704348882,-0.09188479226774904,0
-1.1257958889745852,0.0007224186515435486,0.6356192838850581,-0.19361468830424292,-2.537102084692048,-0.4048313519868223,1.0606344480841718,-0.3695103755909541,1.071058124547907,-0.39648662855636574,0
1.7927599827692584,0.18248570961885233,-1.3225472537088772,-2.833289925748711,2.704293524242983,2.05474175380799,-2.853898149923321,-1.249771190013326,-0.38400388492854587,0.2912425042088298,1
-2.5284225573182577,0.9034088819757203,-0.02120382416677813,0.3860334434477609,-1.8234296304688737,0.4741982629937822,2.3002641029583497,-0.8501378600442443,-1.6369070854812882,0.921929105444633,0
-2.4009667790336033,-0.9158859549383743,-0.08653652407302737,0.8363817561646422,-0.03823138437882623,2.106836455950088,2.2414854116673526,-0.22621485296436838,0.22279381088309447,0.22815827359710028,1
3.3723358821661167,-0.008222923994053907,0.36896522081912564,0.44193588798087297,2.0616312539072696,-0.1288929482344361,-0.7348119509226154,-0.7213575346091571,-1.178983609571429,-2.1953380454867304,1
-5.693275650861642,-3.0419441174563677,-4.022103911192737,0.7700517807406977,-1.2016566391905128,0.40683714681369565,1.6720436201525621,1.0861664632447974,0.8188656147491062,-0.772523848707001,0
-1.2966699979884921,-0.03620524743523008,0.7728763277242661,0.4494696951591252,-1.5313338288664913,-1.17270801184725,1.0832601803310968,1.2887785321412684,0.7709855113786265,0.3716009475551597,0
-3.043600948480852,-2.3132463533912904,-1.3357714635220252,0.714622200838038,-1.0435278327109874,0.5642346079312907,3.5322880351330688,-0.8069598463927496,0.10032219392896413,-0.7176261063907927,0
1.0436149985776795,-4.862249325231138,-1.6658590396271105,1.0558908726093892,-0.4485071360125914,-3.607570352196911,0.8795383037480853,-0.9351307968939598,4.140555680651304,0.8050685555989154,1
-2.6594591354547545,-0.1346409845520841,-0.6361547460088784,-0.18583991710316247,-0.09527928844536271,1.8252386440234756,2.45558536232274,-0.8942997710986755,-1.4659311437452116,0.9830212690989,0
1.4408637489498657,-2.45001943854421,-1.165684794495097,1.690235536179311,-0.6689085565193122,-1.9206622265481625,-1.3064760185218744,-0.987647831040196,3.243253918784927,-0.016295595135518814,1
-2.811865517887907,-0.44550708602202466,-1.2333535260561979,0.08751326060915585,1.1995833496260275,0.7214552443623019,0.5522663669605674,2.039897930313183,-0.6718039188271541,1.2739511830333972,1
-5.442900857578094,-0.3685059914783779,-2.915224302078302,0.05186107136385798,-1.6415517703538383,3.4925419720820066,-1.6286725199551277,0.5273679101175708,1.8744658433567385,0.4918446692562207,0
1.4165644471746806,-1.648564420502072,-1.2442409484249435,-0.9819365062108301,0.3485583861462228,-1.458610572924023,0.9824581534756232,-1.4454904421530264,-0.8185341012956897,-2.136123800182137,1
2.48816905215399,-1.4407334401742695,1.8287142587145278,-1.5360409305045644,-0.1763036246675459,-1.1326105370698243,-1.2634073106361776,0.845914045581313,4.251868543988095,-0.41491334994095497,0
-5.064619060523848,2.552075367169749,1.8160461314416314,0.2092731643008428,-2.0616748596942127,2.8848525857091625,-0.6365044257083183,2.867161049541809,2.1420959011598977,4.707326226006401,0
-7.488706044471169,0.6559356264886701,-1.7909941439322457,-1.5438276960821873,-3.0657058258726857,1.2021181756853219,-2.881627277415033,4.559877622828893,3.999412809723129,4.059141928685102,0
-1.9382354411737444,-1.0777557638877084,-2.2678706970746383,-0.41761272535589933,0.3691706190073123,0.5604485609575802,0.7842414395306443,-0.9821308067567269,-0.804576660418881,1.1242093479833015,0
1.380631455660866,-2.0378341869227428,-3.037252171972467,0.8465054939739405,0.43746731216412826,-4.01083234290333,0.1002312394318492,-0.6536873179115654,-1.6677646022004353,-1.9193011967317335,1
-1.292208644729405,0.17288292744775172,-0.007938092731646584,1.2396784124805658,0.6095660876526681,0.5188403222475355,4.322706623028996,-1.9601763634149814,-3.6970638694451163,1.8132399947744018,0
-3.0063328619784526,-1.8556730905655023,0.39091262812135463,0.16903455486493113,-0.724621762725091,1.650342051306657,1.655473535052736,2.0122843862916167,2.7148866627159913,-1.2452372409024948,1
-4.9082937776863425,-0.14511713445288707,-1.0091047623280698,1.3319436651067376,-2.3550189627049223,0.561798719665721,2.0140001178606948,1.5426895259974125,-0.2592325505681542,-0.5010400865505706,0
0.032615160951166886,-0.02681545498006684,-0.27215499304270097,2.495302369169334,0.4956907745206991,0.29269997730249175,0.08773785279713553,-0.22317560837470163,-0.5019947333883701,0.04943044416300246,0
-2.2364848307616683,0.8639577904852229,-3.6575347230126325,-0.8076008479725285,1.8329479942911369,-0.5268717803859326,-1.5864715623240095,0.936162328609372,-3.4872435171561613,2.537104153323661,1
-5.627540203674205,-0.44018530926240246,-1.918730630440832,-0.4222349253184804,-1.8287252241368386,1.1081606606631753,0.6354462812832404,2.0383922344077385,0.7122602592748632,0.7550920408976276,0
-6.200931116467739,1.5760972575758196,-0.5143433147825294,1.4516457423968994,-3.0961855472567485,0.4139619925466127,0.7420588560083732,3.6164135726931406,-0.35531985183845105,0.35305206760987107,0
-5.0400735884840735,-0.009127838684372284,-2.3449376795967014,-0.14757516439719412,-1.1245205188043919,2.037275735783921,1.0646129571674223,0.08718547149200906,-0.9561302947462992,1.1989784708605398,0
-0.8333329126921457,-1.00901638212894,-0.5914696748681524,0.5281387916266884,0.560870725894475,0.39530503974259645,0.97895717909331,-0.34814075042971293,0.18353246310898186,1.1048182937290687,1
-1.601685153308065,1.283736385483538,0.2314540851900866,0.3760762940079797,-2.4142988574427946,0.6969218526742664,0.5509435277851344,-1.2712504827377473,-0.2943332156735574,0.7458861259114298,0
1.5366180125013906,-2.9425814523082625,-1.5578615202415054,-0.5469059580929527,0.12330321129196986,-2.8686395255721413,0.963579391354016,-1.5072709039113386,0.9351774248948241,-0.2570387006810073,1
-2.2154971090777003,-0.55360682473625,0.9248988903510704,1.2991035640544322,-0.9908153717097001,-0.42963789702770905,1.1626016836749322,1.7712713170738672,2.0424292273000164,2.5470706169888753,1
-2.4541141318832764,2.262532415695861,-1.363287968710657,-0.9523092221756457,-2.5980069151979768,0.30178036546142695,-0.14557201472008652,-2.1074267538179083,-2.143811665394561,2.4286240306404876,0
-1.7252560556337317,1.6043431669575492,-0.3292352802259999,1.3089461330962058,-1.7330336829476867,1.255136290482794,0.35260167936630404,-1.7284059454701102,-1.2433820771913273,1.3492797739612037,0
-1.9948234376412772,-4.4000152412522,-4.05682196418813,-1.6422794007759929,-0.009493289584382447,-2.12208128259864,-0.5724246547671179,-0.3831867136395748,3.5511967372076496,3.1429068437574763,1
-2.7631751203903856,-4.901049484652286,-2.929893937173718,-1.0961165385974285,0.721369468622133,1.2590934410696877,1.6167374611426228,-0.8243138907848462,3.437774775398992,0.8825309023692471,0
-8.6819761296092,2.704152490356488,-1.1843150160031621,-2.0188917358126144,-4.997649732285467,0.34002320894516225,0.4650850521470872,4.681718876370228,-0.9784601880519581,-0.12011655816869271,0
0.7386595655143742,-1.0822117479893385,0.6965905558159402,-0.5138568008585787,-0.5974982528302255,0.9960211311011018,0.03667271851625431,-0.47050648857262234,2.0839297271418187,-2.5203935809323634,1
2.071784156135654,-2.4375236929728574,-0.7272348057837001,0.28028163403811285,0.4946511173845226,-1.1770218692116847,-1.6974995646675104,-1.3761291274908438,3.7603368682323293,2.0393063613107083,1
-0.6811074259416606,0.51040066502618,1.2186757232408505,1.113560070880171,-0.0904901394532045,1.9427935107273226,2.6307480069389513,-1.468648985508243,-1.2845710743180803,0.33167331757513574,0
-2.894588572118929,-1.0478501187366538,-1.2619884932266017,0.08017338872546256,0.6085279166053235,3.1447983143852243,1.3035603864185508,-0.632508778878526,0.12208220561471306,0.5667610307689444,0
-1.907357897077001,-0.647848100088606,0.05896269017240097,-0.713450508814009,-0.5450579551145118,2.151006345860364,1.5097932750500132,-0.5306893320031969,0.6796195345264673,-0.32762490205971817,1
-10.25545966924502,2.3216844954043023,-1.0928684387730296,-0.5909984687713552,-4.1708400999281245,0.9307498637932825,1.906775712431111,4.913085413652425,-0.9835913679669861,3.249258541220223,0
-4.2775064167805885,1.2911646005606316,-0.28688779420381416,-1.4388191464507294,0.3625422684684594,3.940206779489006,3.172597860443589,-0.28385717482722994,-3.3718880209523734,0.7059816464225932,0
-1.753407667244075,-2.394057129863767,-1.6515589641728605,2.1427076314824185,0.3512571526904198,1.9269715807156196,-0.2627130284652974,-0.6648151662887196,2.8105840411652743,0.971345906191701,0
-3.644266613107868,-1.3043343540447554,-0.4209111668679255,0.23371494729471268,0.9180632396192471,1.3222708950261277,1.902710332572932,2.7207307218836374,0.5024049339723513,0.6962303502394787,1
-5.258871217200281,2.755890394988685,-0.5528757650726144,0.5538012685132142,-0.21290719154546034,2.626136743995734,4.559857762583421,-0.28697023553217904,-6.535633111793039,1.6533107882790814,0
-1.6765462545524827,0.4674251369548702,-1.1487941702257478,2.3765411310487847,-2.2915882051434835,-0.261147716078185,-0.4037330542186124,-1.147917070845991,0.21895923128859884,1.0035043584501928,0
-0.31094747098530867,-0.6315192275236758,-0.5963256761337068,0.3356918784937273,-0.7912048181300382,-1.4319165912321248,1.7964558532927275,-1.299525728101238,-0.904285381205972,0.7790128556701891,0
-3.325482527035067,-0.7201380215029545,-0.6937313711156526,-0.6272272427756026,-0.7226619989846634,3.394145297926303,0.4067906616559931,-0.5779004304900277,1.9614511161910815,1.4494894904441484,0
-2.71838718807706,-0.32750665591925376,-2.0187983487728074,0.2388545464865143,0.4853126573393265,0.6012995147113169,-0.41840030245881854,1.1303122044113993,-0.4370795598466757,1.247115227918099,1
-2.8380496361241208,0.17709532033734862,-0.9364182970072157,-0.8224056207605768,-3.2309950920331807,-1.8901032441763306,0.615727319535914,1.1318203845903256,0.08877098242073411,-0.7478613928227258,0
3.40818531762477,1.2343331808234073,3.335628284166787,0.8843234657996477,-0.09381836868562421,3.184908399484554,-1.25578290088014,-1.7212227029404223,1.9497867571306662,-2.6807090549145047,1
-5.306396872930362,-0.4351342987263439,-2.149098657584132,0.43431206690261503,-0.006869875992875141,2.7724930571529782,1.6166419396335825,0.6927888701459197,-0.9800908225620203,1.3785527614360813,1
-1.5302535075656885,3.0338512635414365,1.6638698485988477,0.013650041270063236,-2.34652535333129,1.0742188039544314,2.63954472625592,-1.9711052154331752,-3.1508382353348625,1.4019353370794736,0
-5.251602069114128,-0.932358129730752,-1.5489880116967185,0.7300867834384015,-2.273409282680837,2.6921428826093896,0.8486624691234929,0.23975451704903705,1.9710021801554316,0.5162306996596601,0
3.6466517348519045,-1.8757500187822655,-1.9162927191714878,-0.6059456717982182,1.8739572982616046,-1.939034773864813,-1.6416992244981454,-1.6690407911145355,-0.09336498583774722,-1.6712249267910468,1
-6.672906004317817,-2.2511808305607603,-4.44727417945451,0.7411047966917446,-0.9646154031602954,2.284838496810857,1.85475947655863,0.20057192107970612,-0.42668061361252274,-0.49183629858376987,0
-2.7202144030805298,-0.15802675146811682,-1.5338629476374934,0.5357750389770407,1.846225216695132,0.5463538533843617,0.9614993926777093,1.8422122637527654,-2.059880479457224,1.6242136436976087,1
-0.005589079603940154,-0.3643905539543528,2.011953298772403,0.214464999433737,0.4163910163211779,1.653293376042833,1.4795011498259472,-0.7687451883574461,1.7697167647929248,2.909458254103084,0
-9.560731792328916,-0.6512218648491905,-4.269332506359866,1.6868466852521644,-2.7196840027572216,3.611372407312836,0.7283615903505011,1.7857104066810032,0.3440178510748614,0.3815143158823543,0
-2.0900096815498705,-0.8512350760498867,-0.9751877684495095,-1.125765919380037,-0.7646609715738123,0.3256060960336399,1.1611726265727897,0.02899381695186487,0.14730039324033362,-0.0949487711231527,0
2.9250352369631623,-1.4375724077888803,-1.6150562104076776,-0.0034370595637672674,2.126937280636069,-1.2792839063615218,-1.3570447712528815,-1.247583736900094,-0.39434642318742563,-0.8586188345249226,1
-3.9982422649332525,1.0858313305724796,0.3392201786351663,-0.8301446309551173,-2.2324998421141817,1.2735592650433403,-0.12505366782605298,1.8590457213844727,1.4351101823739616,1.8371671119186073,0
2.712338730734785,-1.5012494293347596,0.03707370858182801,-2.644499527371112,1.8417299459476024,0.7031952839130795,-1.3210754272196188,-1.2708625544438787,1.9490441306722448,-0.09926237079151168,1
1.5407816471033309,-0.7971076411660976,0.14961720944063428,0.3682521625392776,-1.1631101894013463,-1.3362851809673997,-1.1822508801789062,-0.06071459591165662,1.975978400596544,-2.16830147224828,1
-2.2311328959346124,0.18919387085619038,0.05157797326522551,-1.958521337182095,1.8548977579310106,0.47859371544291784,-0.2750967585925874,4.40524105723522,-0.2651846340304246,0.36232972168596367,1
1.7931926381191268,-2.4861826470432997,-1.2487110589901613,-0.44511024058274345,0.72600994193864,-1.2158297428586673,-0.9963353772110289,-1.3518450135734288,2.4090346698732734,0.7172550410702154,1
0.1284022963177059,-0.4842816845183531,0.3399273381656278,-0.007539541786657399,0.2962367006268315,0.5632914616622278,0.4174496610814463,-0.21655041704200317,0.5912488020409328,0.04236777177604445,1
-0.8966170815409151,-1.1306528836007603,-2.5036404290044247,2.002893516750753,0.5521508309121488,0.09565589331069535,-0.11636735995032632,-1.480805973052876,-0.5507679845848965,1.2219702863939186,0
-5.454296258483356,0.12214413774937438,-3.1982636796497874,0.7672016748681318,-0.5269208469451713,1.1826551097276856,2.2699871743567046,-0.4216636960955107,-3.194518873272343,2.4003013308499317,0
0.10775128235489737,-4.349039451242666,-2.886442767408572,-0.1370095546173086,0.1560946755108329,-3.894429351297767,0.8357478310649646,-0.255033476431341,2.0603322613821984,0.5784172548353557,1
-2.196364170308958,-0.6554804223692964,-1.1095632452399047,-0.482740126875358,-0.5699249218040809,1.4647477747205369,0.4586425722870371,-0.4056824212389658,0.5358503217447834,0.22998997291482903,1
1.8176271112399298,-0.9935620170084086,-0.8931613711259082,-0.4450250372559384,-0.5167234887251937,-2.788987030139035,-0.11297740286150515,-0.6979005011642254,-0.2863199376415013,-1.826348569822248,1
-3.494780862342948,0.9141930479194731,-0.4790774899500121,0.2640305006035483,-2.4650591033501854,1.819653674628883,0.25342274387834407,-0.03648391393160222,0.3515853237580582,0.13817453495709353,0
-1.1709252519597715,-1.842799334694068,0.5002494231522818,-1.1240703656469495,-0.7770136063214976,1.124933059170457,1.4325284196085257,-0.04837214725414163,2.6459986670018836,-0.5370816139541115,1
-1.3994837206531279,-1.9924438661966026,-0.5230266644758828,-0.7178315552110032,0.11081357286016669,1.0335797983717367,0.6805655416988453,0.1488278731867142,2.293049589164159,0.46598199411771635,0
-7.798590200986657,2.3612220156612174,-1.9250874662785313,-1.7426936587934607,-3.2305813476464724,0.985278615509974,-0.43566210674783257,3.7132102547835344,-1.0553797698426406,1.7586156376056294,0
-4.3056116415708665,-0.9387981641122981,-0.87321527009659,1.0033747052562585,0.8701834462025028,1.9937235251208283,2.199763031855825,2.024512411022299,-0.3572191750793251,1.18339263495194,1
0.6840072305428975,-3.611839338897525,-0.6797241767233493,1.1357070249764591,1.3692524857513955,0.4700909657857748,2.063285602598943,-2.2531701353926654,2.2027642394891966,1.2812249444970163,0
0.9687294854081386,-0.7963485997753623,-1.7637796440007365,1.6522498912816252,-1.2156825229603199,-1.7945328831347416,-1.7703581813187332,-1.897780040284669,1.2244408693184674,0.8236930080081502,0
7.296631724640484,-0.6818087505283872,0.7319174134804463,0.018798314559478765,3.6183549121274368,-1.0946092220413557,-2.331950847122212,-2.0127016869267758,-0.29803608788786806,-2.3637003011508257,1
1.3320146886196709,1.3973028593139716,2.3323359323956594,-0.8819447232566631,-1.0830423429467917,2.7660316668027245,-0.9998018018945659,-0.5288473520600898,1.2429636199977927,-3.575688806530423,1
-3.053769835199474,0.2247112957507544,-0.0525878223495162,-0.8791486042697515,1.4804514961967612,2.2477631763496517,2.1942672763392466,1.6351791654979448,-1.854365628198991,0.7629174969560437,1
-2.8940851080534693,-1.8808019093083934,-0.9098324493223497,-0.028745107951790794,-0.601038869616834,1.1764275583649215,3.0175424658321446,-0.5081648583483511,0.28590864662791393,-0.20321853737355555,1
-0.19552815913576896,-2.8354378840614376,-2.682377821380954,0.6799651630873771,1.1058848379096338,0.01455309267328797,-1.0110426053095296,-1.0436950191984502,2.0379277429542135,0.9449226410940779,1
-4.886514474938283,2.7106192459562846,-1.9761124930253984,-0.10878113335578235,-1.4953727159969392,3.4389328133074755,0.006467575691509797,-1.2801826337036881,-3.009884339992429,2.300935344758421,0
-0.9572387122094502,1.0258366065675228,0.07271898849263136,-0.461558124601412,-1.5090984352798902,0.9448422553678044,0.8245237890756827,-2.0779806764656437,-0.7702725001159201,1.349868726499399,0
-8.019188476663572,-1.1932631524355801,-2.7637924853544815,1.8258917791628526,-1.3101896085311782,3.8117171915143544,1.3610251629605838,1.9252462374832546,1.1562711821584153,1.175085635046606,1
4.144707384897536,-1.464729672245379,-1.4263480584384662,-0.48705951973090295,3.4580066010850232,-0.5302925018316428,-2.360968119470507,-1.4829133102867333,-0.02861023210006608,-0.47599220245765816,1
-6.04681054824892,0.8021646203964434,-2.0682351106179153,1.6894665766661476,-1.745102738136758,2.2140510138148732,1.466154233566352,0.7295442349477299,-1.6937931385277007,0.9316488398245075,0
2.1176827722948204,-3.2842951549492474,-0.6801943091415827,2.623505899838091,1.2983008941187597,-0.7838735963637331,-1.0671210009950964,-1.0760896640534185,4.029563907817909,1.474772076985929,1
-7.228192385376296,-1.8357905823264922,-3.187280724892732,-1.4647178790174915,-1.6485335314940501,2.197925892486632,5.070395696265869,-0.31586628906299463,-2.2861062810454817,-1.0289423057341054,0
-4.602373548492924,0.6256262403066127,-0.5478809675268368,1.3472867562019808,-1.3763495547853717,3.58415886279997,1.3622887885271069,0.04035645820342104,-0.21971335507740475,0.4348272281552279,0
0.7758037554199831,2.2198084561589537,-0.15334845470012815,0.21688406465425034,-0.8557532967520893,1.083201473525803,-0.2720605065997115,-4.167522873030736,-2.1727051908913717,2.904798084864861,0
4.2283467268328145,-1.1642492326123404,0.15117110424942637,1.1103380041628312,2.0674804057411187,0.13012464042248206,-3.2697923783718363,-1.1889901669173084,2.766062501587757,0.02659638964401978,1
-2.1389051460282413,-0.8308801117883546,0.3278273584475144,0.7323215552427266,1.0217231320220928,1.3516868194061786,2.284183860179141,1.5664203267538732,-0.3009995772591929,-0.020821276551118206,1
-4.523067396535422,0.9690801747100762,-1.5782444277530585,0.6783052540546589,-0.8667397502466773,1.3076179514918576,2.331353042376427,0.20941657426230176,-3.1818073425249294,0.8434480675990521,0
-0.7864510214680009,0.22869393989671394,-0.8117726453037379,0.6663429842415457,2.683273465340145,-1.499345355540291,-1.5330359703295704,4.57440455918816,-1.0445895818219013,0.8969576483275561,1
-9.292516059125788,-0.6788047224186147,-2.9854606562279,-2.4545349068193487,-2.6763195294430178,1.5858652377447164,1.169216609883222,3.577452721396741,1.1599358487502063,2.372453078093433,0
-3.8800461694418846,4.204237127861195,3.237526904799908,0.08685124525744134,-2.1546891020970977,-0.042066742940770174,0.7977621908098947,4.1134267944814695,-0.9121319863920951,4.425914325787868,0
0.6846305325003468,-0.6943288867026004,-0.7273623226347148,-0.3759075021724968,-0.944463766346549,-1.9957082848816552,1.0194012080202906,-2.0668712935941036,-0.4184280907028268,1.2346644395835427,1
2.307701701389319,-1.0526798684167276,-0.808667199931967,-0.9191023295097028,2.1138321809634686,0.13188156687968822,-0.37863080750655453,-1.3097066021096304,-0.6966101973566377,-1.1843470990480975,1
-0.7188232761589621,0.8708465769778847,-1.4998467725186928,-1.0632033194476298,-4.434131696639012,-1.1941765447545647,-3.5550785162803704,-1.9862607126177148,2.847839429171929,1.368894770186615,0
1.735797833550517,-5.452042506631925,-1.3948867835510366,0.5059684205149301,1.6271700717605153,0.8910771462875035,2.34254884249918,-3.587264229120745,3.197819748545259,-1.1922836301951536,0
0.5791808208458337,-3.1396597216601823,-0.5302306980198556,0.45530747530261173,0.10334180202107857,0.526292267103353,0.08531929996077459,-1.5710057418781167,3.9779936321666276,0.6523569624947507,0
1.9919788211079965,-0.723245501525577,0.647763073622573,-0.9435470964829495,0.5623744694239654,2.026824594611527,-2.355680479016657,-1.3435307885520342,3.40955795833755,0.117392337420539,1
-10.144874962290364,0.833734199738659,-3.273075134186781,0.8200857483589137,-4.002421173647567,1.7293348450574073,1.4211655875066107,3.622950171319168,-1.104994088084926,-0.22913396070421155,0
-2.4231573057725275,-0.9225026287054736,-2.47841850430761,-0.01763865981112204,-0.8945989375756523,0.32306524265200776,0.15794596361263658,-1.403221831013309,0.15291968482259688,1.8647337897154985,0
-1.5919953519348928,-0.26508749494918715,-1.9627034993395667,-0.7699620775045877,0.24356995445255492,1.5398025687004147,-0.0716944762349454,-1.6005459840764837,-0.7407532252825684,1.2895147994654312,0
0.4479054782244527,-0.09371549349258124,1.257971328441807,-1.2545610379138374,2.3375377461965163,-0.6490469787659261,-0.4680271862987948,3.6199550090629447,0.5233759846106314,0.7727618214386955,1
-3.4270617351599544,-1.1837947279541159,-1.011487018743072,0.03248443168589147,-0.5030361487513062,1.8261643293273706,1.3021660281988456,-0.2832875381458102,1.3587333382276292,2.538292493380408,0
-6.763540547856741,-1.5277485552373262,-1.399078901560257,-0.25920854196476417,-2.229887488814474,4.682877061833805,3.1148439727135444,-0.3472960722690963,1.4698696165777014,-0.44343384997156643,1
2.437559683291961,-2.220536392520881,-2.841512707154206,0.09974283414517371,2.4611878031680323,-1.9311898779628351,-1.206979373804662,-1.499150525035261,-0.60359211170953,0.05560543182148714,1
-2.128424147668056,0.3302462906240037,-0.8861875649385138,0.9445611455116216,0.4992158338637669,2.7105056661507243,1.7074872871310887,-1.9211590108288439,-1.8483948482952928,1.7684692658481647,0
2.3318522085164988,-4.837339802920457,-1.5542938041861976,0.07134847001112067,0.09446911099125155,-4.046392451009098,0.863461034545518,-1.2385172457520117,3.3954121330242266,-0.29871615953561925,1
-1.270164145935442,1.6390217454412972,0.031477577568081117,0.756725740277611,-3.6563883827918904,-1.6433028529765532,0.5918942034429149,-1.374628209833185,-0.8294970463884042,1.1357167237439751,0
-1.9403483240279087,-1.5389783391019272,0.06765826239807327,-0.15774660802541507,-0.5872643603027843,1.9429201132079141,3.0857002377724396,-1.1136610488059415,0.4734713819068239,-0.9115873657293989,1
-2.9961272112278623,-1.9923279873194584,-0.5261860285489688,-1.0156496247945532,0.010363132175400747,2.001342196319728,0.9006643683263768,0.5032831717002211,3.0061379008467703,2.373820592740412,0
-1.904377399431743,0.5974997123746993,0.48888718474071924,-1.4239124714301008,-0.9844484681182923,0.40957158826545115,3.103030544364886,-0.6220460086254893,-2.059961753380997,0.4679011131821459,0
-0.45377569924000355,-1.3666470696898128,-0.08320646087384442,0.29384164618383163,1.4649625235935022,2.2655078136933815,2.3005381236561693,-1.749799659730378,-0.2507488543429912,0.7426268639648392,0
0.09712562505210277,-0.03142730641791783,-0.899865532571284,1.682907344764416,2.1509642137519034,-1.5276039546249134,-2.120197706248563,2.7184815784088947,0.08595676106037464,2.360159335668322,1
-1.319303548473661,2.9138286019368156,0.2907419947153711,-1.0892897557906625,-1.8264792116586088,0.7319544903098887,1.5122366454613854,-2.5402220565546516,-3.557441691244169,2.1523146657404344,0
2.5399472194572086,-2.225537095289936,-0.9772404668361844,1.6867264868199459,0.7934907965010505,-2.014154565475275,-0.5707467406264061,-1.0452586618029553,1.2993691522689907,-0.8824117472660858,1
0.2259684339571767,-0.7221828100850998,-0.5098310584591683,-0.17114728943486926,-0.3874096096893582,0.15650578939494597,-0.8949306312200374,0.6181321054425297,0.9397451167659953,-3.282042721607916,1
-2.5313478854749336,-0.2973055595154379,-0.2844814594426418,-1.267793205278753,-0.630900299688768,-0.49185827149805017,0.8477481985392885,1.9884322208556928,0.3620422810850169,0.9094995057646793,0
3.526047132809541,-4.028051484807199,0.7321993279406958,1.4956711764022177,1.7179563598397443,0.0033235551841762634,1.189188892126392,-2.890511452264315,3.999040344346602,0.9154040742650099,0
1.6618285269674309,-1.8451183956149093,-2.1359099657324045,0.11489220999915807,1.0083532747852184,-1.5525647363297774,-0.7563663912403694,-1.308060579782871,-0.055511428351666225,-0.9183968130276736,1
3.0447609276324648,-3.301355484687802,-1.3875876923514838,1.0970828087219426,2.517280236688661,-1.237841808075605,-1.6663057383364284,-1.4015115593185026,3.0838262864962958,1.9964221510993947,1
4.268729011856151,0.33281002664423515,2.1377221950991365,0.36903120613637835,0.691154184247993,1.072048002663165,-1.8643954027330527,-1.0210090084244388,1.5853076794457288,-3.154986226538833,1
-1.8408012482587102,2.375840721982526,0.178564814714808,0.13845468297599328,-1.8747964844072327,-0.6973791499226367,-2.82919730391624,3.0605516877264476,0.5377032630633367,0.35584964607338254,0
-0.37393710295697297,0.047999258539000424,-0.034977414598757584,-0.5422159034524893,2.8872943726750724,3.959348103207771,3.2143014740751434,-3.3905617574447713,-3.2176290140781822,2.3693275490033505,0
1.9502200536925784,-1.803603528380766,0.39443592008176886,-0.5506879398023683,0.10336361908968628,-0.48893281404640265,-0.08040880913219317,-0.8043961807229542,2.254289874088226,-1.369709227497798,1
-7.041055323718903,0.32449672574215693,-2.449052200611037,0.09861554286911835,-2.1669348811195315,0.20379983367591958,-0.7419461830918019,4.44454844202485,0.7254512600356837,1.2588331514192141,0
-3.422725370861334,-1.9914197774436089,-0.8840041275980273,0.20009711842407296,-0.6388117750219535,1.9627131160354303,3.3282588220228098,-0.528963288852287,0.40827820425665373,-0.5628344967132741,1
-2.1898518996049487,-0.11721122549207702,-0.6516018921014153,-0.5432673431593507,1.1942439351499106,1.0567844369257162,1.0493891072829302,1.4309591163986854,-1.209734750135387,0.6361519945280386,1
3.4845273048496392,-1.925956782411226,-0.4838445492367889,-2.0461807706381583,1.5785710418162484,-3.0953741489449857,1.048236581005387,-0.9221285782070199,-1.0641990538979815,-1.9203683215784872,1
-3.4923335904195314,-2.0206104226057047,-1.6673414134652238,0.18913642041307324,-2.6211700597820933,-0.17350727989142967,-1.1695485187772876,1.6848069423598548,4.380832989234445,-0.1664908430863985,0
3.231360774952614,-0.5235330775522156,2.8627355187481247,-0.050285168657492454,1.2528402762275985,-0.4054928887835647,1.875323271285125,0.14370990163393926,0.03944742818865232,-2.4377065786681356,1
-1.7617488572847866,1.3269218905867683,-0.45179081090663253,-2.202576657059786,-0.4306351913359371,1.2069958478776668,1.5032664648474734,-1.1861851032501411,-2.7154487616089273,0.8964942432161362,0
2.244920213252077,-0.24910208774663423,1.1934774692861891,-0.771447158588158,2.827782065269389,-2.332339922633033,-1.4753281250884016,3.723830555617711,0.6397074398158906,0.8081908417800242,1
-0.5484295626185273,-2.095353009222528,-3.286504089395602,-0.0916780183175869,0.9351076359835984,-0.819720325392898,-0.7547730661084207,-0.8003031154400893,0.06465829646559962,0.34852814594849546,1
1.9465261399348193,-0.31467074458099653,-0.9768110745129893,0.33771613223083463,1.3719850091705859,-1.8003779140750908,0.7117205022367636,-0.39865982785719456,-3.0462780002481056,-2.723121473116569,1
-2.430452218084869,1.9889084987835224,0.053243298492890334,-0.7445084396357567,-3.1603215009386942,-0.2821481592923951,0.8545297097183466,-0.43093497161032934,-1.4272156192441383,0.40306722382866966,0
-6.771609629985062,-0.917026634039222,-3.0084785568867263,0.161280453312941,-0.02810012846623189,2.852877247701447,1.6143170981838653,1.2659518098152642,-0.5882660945762748,2.3911068102755486,1
0.4833376692346584,-0.715325065910951,1.5285486892571165,-0.30026781082730386,0.4801405922165012,1.318471644922754,2.434156525203902,-0.9881191952022981,0.16883128951258142,-0.476760465794118,1
-0.550016366742495,-0.7270106941726604,-1.2541330626925515,0.9207988527559517,-1.9009380775661577,-2.7470488066878747,0.8235906406309055,-0.9415404271578912,-0.17058698276544837,0.7366504849530878,0
-5.571197425756148,-0.3307726167682686,-1.4365657267085048,2.241486785123031,-1.1088477652731574,1.7059396410780288,3.5247027257611467,0.4809135837165477,-1.7512210335135352,1.0683010932496464,0
-5.178878125672421,-0.9795899263059624,-1.8733102847084275,-0.7353098131850854,-0.2575898694516603,2.579686462182763,2.1014592452884573,0.7919196250131547,-0.4185822479825556,0.6275891394042481,1
-1.2105871149095853,-3.511179218558958,-2.556406723364148,-0.10477677640511017,0.34794123769085705,0.8296960073491685,1.9381201870152154,-2.0818154460442515,0.8913812653660501,-1.2771066986882267,0
0.6304965885093372,-0.9211664024614794,-0.6644035406812525,-1.7747586506490243,-2.527036914474183,-3.5028714070018454,0.08378457687540186,-1.0123644412318085,1.1599622758649892,0.16316167955864047,0
-0.9358984557140094,-0.3474166761393707,0.5957021522691237,-1.978016471043429,2.324576578636543,0.12334374600299414,1.3859382848121178,2.854938295508255,-0.9885878373798401,0.5287553840123009,1
3.816150447745739,-2.805005693336342,-1.1866666844322693,-1.5578995931694133,1.8345997078364285,-2.220878970931552,-0.9517339831985748,-1.630333544746108,1.4817244581775517,-0.5544483004353877,1
-0.6947998976408634,-0.8502739348232965,-0.339871156932677,0.8282504583290798,1.09569651539159,-0.29538516597299047,0.5672563965613822,1.4923540006836422,-0.03563935337089619,0.07925457066618558,1
-1.0944359180290915,0.16603202811682227,-0.10183923370376224,0.2929173818218375,-2.1201935249773287,-0.18458133589335501,0.8201283799498611,-1.374816279681368,0.3546417074411623,0.8006094616441594,0
-5.328879795216842,-0.4796075439028429,-1.7345282970409244,0.9522435928889068,-1.32363805480797,1.4494488819499682,2.7352893830641185,1.1275559385069822,-1.4450343946658855,-0.8036256950043343,0
4.800304003654925,-2.5147571554672408,-2.302029329210155,-1.7952375744032916,2.621758596065901,-5.059589415190158,0.47063178360775093,-1.966105703758904,-2.512140306115012,-1.1944339836350333,1
-3.6884890268134085,-0.03691847490243259,-2.3715813987991483,0.04929827565940742,1.4031614269729855,1.6594641931545802,1.9638618891343105,-0.19726977202116602,-3.1738984607680236,2.38574065293444,1
-3.559529720670399,-1.7995026928560638,0.0012906192168731234,0.2792738409045304,-1.5296664550782957,2.723681487541916,2.857050752881004,0.04730974462288118,1.7877100781528252,-1.918253387930939,1
2.4859574769422466,-3.655881800416975,-2.8731683761350495,-0.2107746502951,2.3827228520970074,-1.981164323280332,-1.9254893246677796,-0.8435714650171315,2.0761329506612727,-0.08847172651509039,1
-4.497591115722358,-0.1231203961022539,-3.3781177372899958,1.0801210038058053,0.8722386190888269,0.9878988030700284,-0.07359913767805182,1.3045529462429248,-1.9125487657785718,2.283978911904369,1
1.899276055554882,-0.9546009080460215,0.11404929312532652,0.3894424479067332,-0.10881445055672789,-0.8071317226862627,0.6326368598693802,-2.3996651842341445,0.5329101261174536,0.6431101081368676,0
-2.08518102022507,-1.7210163664684643,-2.817488454096231,0.32417992838214393,-2.160306541413751,-2.2864862397440904,0.14019127533024411,0.25174648444833725,0.47878081841151066,-1.7000643382555407,1
-3.2140536331498826,0.22645735215012622,-2.4684658897637055,1.2780697116583917,0.7985724969039557,1.9201831108828706,1.7460659178425089,-1.4303986985408903,-3.2956539306847916,1.9184239598618116,1
-2.983611959629723,-0.6673803887823501,-3.606186003830255,0.8566753981345864,-1.957964284815478,-1.7614540751112728,0.3314986980038308,-0.2614324873522784,-1.6784619981779483,-1.0281798012845549,1
-5.96310645133667,-0.6879347881404995,-1.4427250088296604,-0.17566193198972643,-1.4390755435966747,5.031289834376394,3.992733588147681,-2.113835228662423,-0.9363208426313051,0.406571784083403,1
4.473863826640463,-1.4407593516254136,0.27797626450897983,1.3087465589661416,2.20359007193316,0.37280716823843174,-2.370637221668151,-1.7176427557282519,2.2596678030584307,-0.848740856835855,1
0.5373517060438615,-0.9082827249613497,-0.27732042928500966,0.6406272674842264,0.24240847580041325,-0.191705943505579,0.37736128238263933,-0.8303751055904276,0.4518563606847248,0.1007369317050385,1
-5.495938004061325,-1.6183911556869877,-2.053947416855693,-0.9584321052513793,-1.210309623958056,3.0118985210347007,2.9031790487116242,-0.4633128694700359,0.1321479117111266,-0.027043977241464567,1
-0.0950112734846586,-0.3758660061732374,1.838664155660323,-1.2383652311271205,1.6551416700934132,0.37232070332452416,0.6814997377082389,3.109640785213624,0.9629047878882984,-0.15347324457603273,1
0.10972733552613378,1.5195910294042718,-0.051952339118576885,0.7693580415476434,5.32162285096232,-1.435122878208885,-0.4138486613624279,4.7509739731133935,-4.274815630585066,3.2342946280423552,1
3.392774934030286,0.2524600209182763,-2.0914685790184304,1.592605555544417,2.3701526436168354,-1.2972729075801477,-2.185220131779304,-1.2193519697391655,-3.0944506347024436,-2.5165424639500538,1
-2.2790630985993645,-3.237249514577218,-0.549928304408525,-1.603677081783104,-0.6518084761391547,-0.21632212091116787,1.936629093766863,0.44254363304678546,3.5428848494882934,1.7347629046980366,0
-2.3516297360056884,0.10380408111096505,-1.190856282473375,-0.40562480167808596,1.1136322441295916,1.8797696160602517,1.681271963315489,-0.8843864520817,-2.0951553818904785,2.3607144646504796,1
-0.2641678588177473,0.035140616755892654,-0.0847185333154773,0.7274089612646538,2.1332534874314035,0.009857085135887234,1.196336629693171,1.07752331914787,-2.0770859917106326,0.7404518797519689,1
-2.8741240692836194,-0.09555578369303584,-2.3802816530206394,-0.930043229075509,0.5463326553727121,1.7621003744115726,1.9582781065151855,-1.8879724971043048,-2.9545139011983244,1.6522545555622563,1
-4.68558505654052,1.4952757133597143,-0.10428018593343302,0.976359768384767,-3.5596120728125205,1.7026712792422491,0.3507341919577106,1.2357025244814426,0.44608807920919324,-0.6766057802915038,0
-7.309418284088089,0.5626332362275472,-0.8589101213272529,0.9422932288033307,-3.5509876985206756,2.0997074240732525,2.0210439859915885,2.5436664335059667,0.21789458079786783,-0.7776873373766868,0
-2.579439636032434,2.376335555359876,-1.0596955858499615,-1.7548567593857756,-2.5962128635707975,0.9327578717608639,-0.026222274257813316,-2.2132822980721816,-1.9815743097721321,2.4234508199082883,0
-3.3510005763813924,0.8288224310788297,-3.599347994369885,-0.1603714863793627,2.6630314280577334,-0.38411200956869496,-1.2641929520018769,2.576607207883354,-3.648036768337977,3.4495430356986234,1
2.6048436729930735,-2.9187802142682706,-3.705958484750529,1.2658079398423807,1.384926990720998,-4.148440111889772,-0.5287226824748851,-1.1797161641937413,-1.409519123941068,-2.7534407950819695,1
-6.5512849166402916,-0.1352434840546852,-2.509221285966019,0.09587290686052864,-0.4128397028130355,4.068571405753865,2.9386112135154567,-0.25399938695908353,-2.342205784443764,0.7195672483687838,1
-1.4901142696483272,0.28780307494129603,0.2679291338165175,0.24103462214212115,0.09611114638692198,3.2246301658383256,1.6580048874506415,-1.961869379185251,-0.5759782367487031,1.1434475176314698,0
-0.6680764793691589,-0.432510898172593,-2.9266355663307846,-0.159919730135544,0.6100525790460141,1.730483934577295,-3.8253588061243873,-0.1565805718073403,1.1114789670068341,-1.0886044125772687,1
-2.374236931607238,0.10372618873162016,-0.5347761444593708,-1.51976717807773,-0.9159287516356514,-0.12059815504635396,1.4483781505926003,0.8054008347695268,-0.9986399635930732,-0.09867290638044968,0
-6.138589448647107,-1.566200666827882,-2.029720437718299,0.4709024299895236,-1.1081812311729213,1.6186583650196193,2.2752921150607364,1.754031365894409,0.6589254812302141,0.958239869753676,0
-0.6683720629261953,-0.998863930709768,1.071425710914947,-0.07221983796376137,0.8735018131740897,0.9201520733508534,1.729446659552957,0.9846996980536105,0.8816865220024221,0.2828118786856352,1
-2.424052316246523,0.04488194308802373,-3.5257190273732535,0.5928556651036779,2.63079673182406,-0.8637054732011233,0.49379717255907063,0.9952574143304487,-4.4336796866802,2.5331084235790584,1
4.6847319358945985,-2.051371533629798,-0.6328381589709049,-0.7851080656430306,2.4408862058060965,-2.977391948910477,0.4373837287768261,-1.8061125763824903,-1.0537093373852202,-1.2510358798425079,1
-1.0340544501346955,0.9048361226647742,-1.7347995266595098,-1.1912106247205203,3.690608137257201,-0.9621585646668458,-0.284976589098072,2.5465192838670685,-4.034519082307666,2.929430287996392,1
-3.9766028590353013,0.2275038459454579,-1.060874912903954,0.2670095256804177,0.3631948734453502,2.9336847933338133,1.9283098476890796,0.32905254398403405,-1.737071044332766,0.6540985488874094,1
-1.428297682987841,-0.8378123653124527,-0.6851128807337559,-0.5794823074971726,0.6329815337339814,0.5017661733451761,0.9413417225893339,0.5404717410177131,-0.10680658011194333,0.5301201160260918,1
-5.426985199080534,1.313151365224278,-0.5770248814260507,1.465933685934758,-1.105499965357737,3.000807855355932,3.1480588647433225,0.35281155800603936,-2.8260623768115796,0.7360382069822158,0
-1.1970656464428704,-1.3380009109486666,-1.4423118124613603,0.21810088044603465,0.24417846075509142,2.2789294106639106,-0.3824903522907712,-1.7533172999800892,1.6343590528806906,1.2757912021831022,1
-6.114166700164774,-0.3137363496897877,-1.4046995484178133,0.18299098463898522,-2.2371446327648163,1.5802475265080211,-1.4852318647672664,3.0058333772837145,3.7704553452557636,3.4094618821216356,0
-5.546626088284404,0.2921008417891546,-4.727535624320667,-0.1711915843919336,2.5668231241338075,0.5758447902790109,0.2834490700367751,1.8531752853613432,-4.4305804210835955,4.614559381348796,1
0.6643358087330846,-0.4362770695127072,-0.7792819520533263,-0.4490309028589242,0.7673624828101481,-0.736222673841167,-0.7344815913525655,-0.22697801271564866,0.017033166751902584,0.9141938423296629,1
2.7286906078143023,-0.640531394369698,-2.1412259570770784,0.31578210367959286,2.8651261328233275,0.317391030651905,-2.9768926507102287,-1.406359009397876,-0.5850639942260893,-0.3303562060800028,1
-0.2783052009525037,-3.1092990671387164,-2.043217970925014,-2.992756398743558,-2.2658852863714203,-4.569609519638993,0.8159184565529145,-0.09377836473801793,2.058143680789996,-0.7739084934540883,1
-3.081717497800712,-0.0942721856060621,-2.375280218381098,-1.5246007112203077,0.7994530726628166,0.8948849775994986,-0.01708509001311076,0.647992696103002,-1.3762953615861462,1.9786307764769866,1
2.378642988642452,-1.177922305491362,-1.1379810517145896,-0.961037648729545,0.9836326153397573,-0.34017440903563867,-2.332618827662566,-1.2227687688817053,1.4584819905289979,-0.6487939983848601,1
-1.7187530058861635,-1.634949838832728,-0.7540557347188985,-0.28288449930937587,-0.031204524389123245,-0.6386069453889232,1.361027670411422,0.8437997428751307,0.8855744484822977,0.963509208807927,0
-6.995721795271518,-2.402241839915511,-3.4299112248497,1.3861082358317889,-0.989062490145691,2.284663883725437,2.7998884468038385,0.49572686159396184,0.3273491930566471,1.192000527444335,0
-4.494266212101596,0.4777652637884999,-1.843408304039238,0.5501073934484476,-0.22098621839782961,2.9389031318880883,1.189632368303666,0.003243520863502214,-1.7707636429572142,0.8106581313302014,0
-6.7341318839268105,1.69001150758694,-0.9620887747988888,-1.2455806776386753,-1.5907980539147706,2.7601420931261353,1.6244237285279954,1.7708781106762186,-1.5911607403568078,2.5160886792850454,0
1.7356197665609174,-1.5817753715614606,-0.6154440526021863,-0.8251668462234583,0.5280461060814008,-0.7279515000219827,-0.8065278960812186,-0.9046793545699628,1.518332511893294,-0.592183587731,1
0.10439298456955892,0.4445620693636984,0.7906081360380366,0.2749429402685834,1.3477261748033067,1.2352591161977302,-0.9751846837032112,0.6898374359631025,0.9330695511273063,2.4511500254340035,0
5.950006219354331,-3.6360866232014573,1.2364356337234974,0.4493554919613545,1.7241134419595516,-3.8229608943740887,0.22228982526963526,-1.0413819097230972,3.2527303493500797,-0.8761126034256979,1
-2.0171812928194046,-3.138880482041866,-2.2559805705597267,0.47859237044687,-0.1755331268739997,1.2091560836523445,0.3534937124055594,-0.8151996292333228,2.7636822867540562,-0.11253880609932154,0
1.2343765538039508,-0.553421173409394,0.29384738778808295,-0.9888274022067473,2.196764129875489,-0.8233030885341188,1.5166569607883584,0.10082292105101376,-1.6447712380251178,0.7860889698448141,1
3.3944886942590733,-1.1589079118727899,1.5633707986121093,0.3049022368011178,1.1495995751211117,0.048822002419872,-0.029809162134181832,-1.025307052316331,1.6693325123752856,-1.3120431905020562,1
-6.747772184003143,-0.5412684098386138,-2.730957177981151,0.24498771517251056,-0.29786803558270725,4.068452253450921,3.8899201721874506,-0.839957574715998,-2.791126710951509,0.9254857700209052,1
5.612762449947401,1.1969992978686017,3.756736425015176,0.9576200953936667,0.5267655110291269,3.0018624205058915,-3.4480259662610804,-1.1793932617566873,3.1921258945084636,-4.54219359004553,1
2.538882278087621,-2.015161211440722,-4.627709217981394,0.37281992584417667,3.4732839956660864,-1.2330049435012393,-3.4911656568054195,-2.2499051746656846,-0.8032918463326126,1.371608993667785,1
-3.3014026178528724,2.984364558593483,-0.7752837586193387,-0.0918931887232588,-3.2005336036028185,1.9040345381007537,-0.8346716795769062,-1.555988333746325,-1.3427765565506142,1.7917009353861755,0
-2.199248759087368,0.7419650740960901,-0.5137249939580055,0.1893567118137052,0.06629393634970948,3.022005850800413,1.7254458249512148,-2.213482313349703,-1.7706888567521717,1.9868537494870613,0
2.3018693247702293,-2.5399811216293133,-2.7196581253212813,-2.1040843770102318,2.0178698365468186,-0.7365020097577324,-3.203439227118194,-1.085270904287239,2.2001338520108016,0.006581674981706254,1
-3.418952621803706,-1.73066153730597,-0.7431807405592485,1.0150559454817767,-0.597729323617701,3.334772406276013,-0.7154267269683194,0.09493242159168214,4.556556239720196,2.8104805205635963,0
1.2999356589209332,-0.12115461053809388,1.3940815465788976,0.03809790604570054,2.8722238606484605,-1.7269132638202485,-0.3785193495341779,4.506684516748822,-0.2779543236629439,-0.6374773451147011,1
1.6406329542369134,-1.682622291639287,-0.3657821931341455,-0.23584798708873234,-0.6115066753675242,-2.898114064133619,0.6493891491945427,-0.5234761445934621,0.7285788224752132,-1.205170093122402,1
2.2256937408237953,-2.5752973309921114,-2.8200321561366297,0.6459139220410379,3.007802706330028,-1.3362911769098893,-1.020862139093212,-0.5024622375976926,-0.7043261306011486,-1.9320555020262304,1
1.764139953122794,-0.32642572239399575,0.9534947666735019,1.492100025829338,1.7757148311025586,-0.7166859438474966,0.7369458886972828,0.46527626484363516,-0.6483739065376561,0.09168692891517805,1
-1.3081929328689823,-1.5810961746145498,0.9872420308726573,-0.11870877261372195,-0.5240073877733621,2.400169652472906,0.908057892494094,-0.6543351627606324,3.726606847424907,1.7194375578075025,0
1.892832059173347,-2.7681136518371305,-1.3220351891640756,0.8646832694965114,-0.5641996178814104,-2.736428560048999,-0.6273964918849655,-0.6621210223477585,2.2988941789084327,-2.0468451030183505,1
-3.339776758334283,-1.7310832717392586,-0.44529471725646774,-0.014060620200704579,-0.28393321695018203,1.4578904383273985,2.2314482416838564,1.559520784262918,1.0576738619518058,-1.0694655354906657,1
-0.6765062775973144,-0.40375002723201975,0.6016073138519018,0.4696468858003245,-0.38754178153009466,0.7433707718369977,-0.12039985978389223,0.616723482989796,1.8283651879813418,0.41468696850978437,0
3.703432674930048,-1.7625269294679202,0.4185751398747335,-1.24837537457389,2.2910465852311823,-0.6285148953061246,0.5015035037518183,-1.6546868882299872,0.29294037021213193,-0.7378735602509755,1
0.17312730219028308,-2.066385985116927,2.965408487265873,0.6643974803905666,-2.6800896545864643,3.3142044815131437,4.40360095102418,-3.309031476914299,3.154529046724175,-4.13640109263486,1
-2.5621481253293417,-1.955583570236809,0.5686564971428583,-0.4197372913572774,-1.0578257178184765,2.2971235429150028,3.5852715001488975,-0.21901911146331798,1.331455224664,-2.234298958456099,1
4.58791585965736,-3.122101564364531,-0.22269284924904764,1.052579637105597,2.7548451702365537,-3.8357978921007017,0.9142688797680154,0.4921678021412679,-0.205395608764104,-3.515531030907868,1
-0.7121512062725259,-2.6533434085572605,-3.2988156294306137,-0.6671257000033642,-0.29027674341903276,-1.0431317916753136,-1.46934264243979,-0.6461527411926378,1.9720594351266674,-0.43533070265099894,1
3.037763193296416,-1.3193901922308042,-0.38248092175573634,-0.9042938399346782,2.8373581569387936,1.143620391505022,-2.3149548233261257,-1.2018627021614132,1.770899481317963,0.5446841257911337,1
0.22550187916649417,0.32624234503949245,-0.9749440187232314,-1.2228404254303467,2.819540883192085,-1.328313082196153,-0.8476047162466385,1.9742084001313542,-1.977428805315502,2.2814309679795586,1
4.142799909875806,-1.6328654642668545,-1.250930499421063,-1.7675945084829126,2.3565824333923757,-1.0315157198418472,-3.0932062632214614,-1.4632980106983546,1.5651226683281245,-0.11788671393680816,1
-2.834276764409355,-1.302187838523008,-2.669048700148096,-0.020094396678936026,-0.9554704612823135,1.2493516907759672,0.7871153691132509,-2.133517470517228,0.16938888011411657,1.4380325767791495,1
-1.6107594636791676,0.12248905811527114,-1.8993813165126552,0.4118920772174834,1.7527027727738325,-0.009916955468985744,0.8673799921407395,0.6473508651455026,-3.1843549358582712,0.793282512709483,1
-0.9134309553427862,-0.2722475467194878,-0.5415816759085772,0.5462852777115921,-0.9237942538672118,-1.3577343006203506,-0.6776802597322329,1.6477480817936845,0.7891072614088852,-0.634775251662614,0
-3.537178011123167,0.21585157839956834,-2.0601854410823375,-1.0993899516381171,-1.952855084305924,0.8063028245699043,-0.35179739829236323,-0.19775527923117286,0.04203409922490331,0.7788971818958477,0
-5.4246244354863284,0.09398598902093064,-2.796014339566515,0.22996875737726935,-0.8975574214519338,2.526129881301058,0.9104577519092816,-0.2104642561347312,-1.2664483448172628,1.6899423545266528,0
-4.086861764806456,0.6294238218399989,-1.313871327483994,0.08767364930063971,1.2557223236648174,2.4972744809574703,1.0406143267069803,1.4088426470122992,-2.0328014117305244,2.0737739952641805,1
1.303585563969811,-2.5760318545001435,-0.04490567011908142,0.30710668467254304,-0.9563611900498745,-2.362351068663812,0.8126482110813762,-0.7628765990074791,2.67913162544338,-0.3757680243937288,1
-4.535130176623056,-1.310687779896439,-1.384019711114215,-0.6236419401113744,-1.5514409017475104,3.208198128429112,2.4558937993956946,-1.0842524029719431,0.6817712514336016,-0.28475157117696703,1
-2.788928129252505,-1.6948276836822511,-1.0459891766336145,1.190016569595271,-1.4733668221650902,0.7728858713688038,0.6490071723061676,0.5076530372772099,2.274420319353415,-0.504675136782812,0
-2.219463569112281,-1.416896454904969,-0.3489584180633085,1.2536187722337926,0.33585704357486745,0.6689903026366082,1.049866589088563,1.7120838172610393,1.2646808395296385,0.20722453459791434,1
2.9671149715684946,-2.247756076924586,-2.193976652399173,-0.07560853362486715,1.4496900835975175,-1.6528707057281748,-2.611677504580042,-1.9570302875955203,1.9071612258920938,0.9486347444415306,1
5.360038288494478,-0.12290059837068672,0.8352661053896269,-1.795929698304045,3.594943042801665,1.8710326901120289,-4.317794383827307,-1.3260697997485988,2.116779230587061,-0.07056292754722304,1
-5.989330078801898,0.15561351415082164,-0.13219158118517016,-0.7306554963942405,-2.188275642090893,2.637773795924999,3.3510340470300117,1.2663086745634193,-0.4281026859403577,-0.07780601501585194,0
1.7106457071437668,-0.3143337522312723,-1.832442747084154,0.2770384548295392,1.6612918313056526,-1.1641298131071394,-1.0207704472110541,0.04898692375590796,-2.395945630165432,-3.1042156444469557,1
-1.7914812074022988,0.691680019039629,-2.292904131888946,0.896111317587086,-0.8480273302372853,4.495898463145223,-3.5822347055839376,-3.3535199687595876,2.012090931577619,2.676684313417751,0
5.617591268388691,-2.89971831538586,0.35484169487360884,1.3036219365322466,2.4675840773117073,-1.1620124361472488,-2.365381306469395,-1.7310326114336143,3.928327499037402,-0.033514955608992536,1
-2.874026423402189,0.09189701766414377,-0.9423531125894598,1.7915300159983034,-1.5020975050534475,1.0123939207896122,0.9900402438295236,-0.4342223267911457,-0.24098362405694262,0.6330286091017199,0
-1.0150579460972886,0.6163112510760259,-0.14764659651706513,-0.21925760093064675,-0.9132206558081922,-0.017361124659805327,1.457709420014547,-0.910252655472651,-1.5825483919527406,0.3483033510294127,0
-7.750412758803951,1.7827603076273963,-0.8180863101049118,0.9295256483956471,-2.5509268135719054,2.1275801806242653,0.9862879918739434,3.6075518092138408,-0.5186126090527075,1.9376598117024153,0
-1.7180140287060683,-2.216796742468794,0.5040686334913451,0.09932218403823917,-0.693508651562158,0.9647992926635103,2.429056994503243,0.8277301709949869,2.0948818134633336,-2.066962925449608,1
4.387193395644719,-1.8837481637525466,2.104813471361833,-0.8917248002777592,0.7571381957454871,0.16517735251147414,-1.0125882677670692,-1.3117903313282508,4.08384025039918,-1.481343315737691,1
-1.2550425160544842,2.217657898881365,0.11515409137325738,-0.5581718614424039,-0.09374790163045055,3.4910852332829236,0.03576589415276887,-1.831789552098205,-2.063926927471898,0.7465802010045994,0
-2.7120816820260587,1.2292959729501887,1.0730807624088317,0.7630106599178903,-2.6596093703880204,0.9356385955122971,1.7447373476729702,0.5607541401952572,-0.3279125670737876,-0.9265355519140337,0
-3.8299452789259503,-1.0240612106916815,-0.5862805971554153,-2.29754650923274,-1.4124118306449853,0.40927894485760763,2.7450713767897934,1.2799500014518124,-0.0037772082710479937,-0.7270212907582356,0
-7.86658456807053,-1.0019816451504004,-3.248445337761319,0.7620298171863366,-1.6297347257079982,1.2090127145908052,2.496759232216262,2.2754377545166298,-0.9646181115554531,0.9605554640867916,0
-9.628500195740155,2.571042111047735,-0.7359396688295172,0.37921011106257,-5.084675974909036,0.8319295195204048,-0.009503304629763232,5.830188789995372,0.6498595866010397,1.2242898086547775,0
-2.9592050806391463,0.4457397170884427,-0.87079964772563,1.0147254406403956,0.7831421549849444,3.0509447808915193,2.7760749087152163,-1.6137723538728248,-2.8343948396956917,1.823848321002675,0
-2.1363081750083066,0.7712770486992276,-0.9605912599053417,-1.047721650336669,1.2984377246912664,0.9531217362790768,-1.1841330737055862,2.1942663421798834,-0.6937573641267082,1.8324584463458597,1
-0.8864303120238927,-0.5327855797861915,-0.29585327378577986,-0.1989548068558858,-0.8009338605250267,-1.9208043177260468,2.674106845418624,-0.020376220784904198,-1.666085276993436,-0.2752258103862617,0
0.8736765915995509,-2.7967365932996358,-2.1441122437820006,0.9679955716684239,1.1773828358496448,-2.069939099551223,-0.583345650788933,-0.17073294641658343,1.4025748612554993,0.4492114777599485,1
-1.3413499052706692,0.9245053220884772,-0.6230925687467042,-0.6981588501713866,-4.576564118369448,-0.8117800101235948,-2.7504581753202153,-0.6246010398722075,2.9429674330573765,-0.05846545150607807,0
-2.8227674776689358,1.1633066992261942,-1.780632578208846,-0.043528549976355434,-1.617298677451747,2.3716481045575675,-1.2140291541148978,-1.777586762090244,-0.15786072314717348,1.8835528506828418,0
-5.221939354766056,-1.7551063689619733,-0.1631863944661508,-0.5658956626855925,-1.9604937502679878,3.7850592544985124,2.9399622552825777,0.6662331288840191,2.297918895724446,-1.7302177440778497,1
-1.921211199229361,-0.5070639561541986,-1.9976251602490522,-0.919767159901352,-1.6942268470849478,0.18358112509333924,-0.8026097660857516,-1.299687586644546,1.0373400239200308,1.29363775028271,0
-1.2862690906650514,0.358425804985918,-0.7749986099723989,0.039860401743357046,2.586382302379966,-0.1708143054910538,0.4905466822048762,2.5291685214761577,-2.5562348292280914,1.1287748346276465,1
1.5772061965306678,-2.884134419138504,-1.44642371086155,2.177345485793298,1.512684893215765,0.007931499543992526,-0.9469820699758156,-2.236069246904833,2.9235125636597363,2.4885684198116054,1
-2.494360251410128,0.3813398193715092,0.056133045146487204,-2.077128555129602,1.25761394095588,2.69737732721892,4.113784285432548,-1.0715123538118991,-3.5658047238389434,1.0217775221717682,0
3.6438329112603447,-2.4794556522278777,1.7314188954749974,-0.46993361792673943,2.173677256875839,0.9398085466825732,-0.45612673315096397,-2.0047186747571417,4.416678299513373,2.7505016423483957,0
-0.4660293765163639,-0.36794340328957686,-0.7018194322627791,-1.0339657399716506,3.6625555174678426,-1.2914961988743587,1.3737890984501238,2.513912408417216,-2.94983152156912,2.198448081335222,1
-2.1595301121288073,-0.9216273096963978,-0.9384157706127709,2.0669080071054458,-0.7907993367480797,2.3991230779818205,2.7709716351403477,-2.7825553127396474,-0.7297038555671638,0.027061502318211916,1
1.2244163419382827,-0.010030007907946387,1.1893070656489164,-0.20172939796137787,1.6189998719132968,-0.3517463250530197,0.03365084990130407,1.5358193293966376,-0.01935770396438985,-0.07980459227946168,1
-1.7041899093098605,0.6810478380894208,-1.8742613469841793,-1.1084422154272142,0.6344164178799252,2.306612926575726,0.637725822688733,-2.8409235640873014,-2.434140015045794,2.7639908191876117,0
-3.3121344402287165,-1.9516250560941166,-2.435122616168965,1.1211847896703022,0.23513944174864077,0.038872787351774574,2.3154700506254597,0.15955461834262596,-0.8383903947964395,0.7480982423398742,0
-1.0133977161852645,-0.5093651301432846,-0.4593616424399919,-0.038280265719131394,-0.02305451540192982,-0.38890914779252017,-1.3437210011248752,1.6922803859249158,1.871647239223782,1.261361264345681,0
0.025407927905681894,-2.7553566757860968,0.4101573980833437,0.08178880045257206,0.24507184811792104,1.4910256844944443,0.9457239927756388,-1.4219522487831862,3.952604859141293,1.5334111914861799,0
-5.715498651618151,-0.02012758955381548,-1.785823755048384,-0.2521175104774515,-2.3936671325687273,1.3433743149119206,2.2238046796143145,0.748690315131386,-0.993359627530342,-0.19004873350165208,0
-3.4244224902535256,-1.4251805817976075,0.6820820643219994,0.09346656204024571,-1.1446136528354582,3.38976729700113,3.203692815566979,-0.21605123032153806,1.6627312933814382,-0.9576125036533907,1
-2.3182116780569353,-1.4537864514008432,-2.7778053193061485,-1.0224991317277736,-1.4458385740382762,-2.43905678996797,2.0827851581917964,0.0947589512891498,-1.9832916720249139,-2.037634872944441,1
0.7812746930687634,-0.018084537154710163,1.3043432072579235,1.469455221815038,0.7207189244626322,2.381551287275415,0.42746437601331966,-2.066762876177717,1.2113581744014932,2.370269868070862,0
-6.210592101311006,-0.9660737330284453,-0.8797581789169947,0.11789289440043094,0.7835778305784038,4.846934490584894,4.268275459352118,0.9896031219397328,-1.350987346885299,0.24611127111232645,0
-7.470956412461964,0.14036439035533732,-2.6130493305967013,1.2158841881335962,-2.7804844114739296,0.3107090692389657,1.1652977292982527,3.660222969735821,-0.8112768841121176,-0.9064810819100264,0
-0.11427075922132768,-2.959033433382651,-1.931440184924536,2.1276856601238214,-0.5643740611055006,-0.33610309445923614,-1.270040559461962,-0.8862851159894862,3.7384070204890048,-0.21845497181807894,1
-3.001056412383563,-0.6856179196340632,0.27750495504127115,0.7386463950470152,-2.468552070652122,-0.1144863525346107,-1.343948140195525,2.7197371485991026,4.587857548139722,1.3457927410754638,0
-3.689311586789847,-1.7441483134485425,-2.924181735678137,1.4352878655185217,-0.46006342660395416,-0.7175986678053394,-0.8141314941471915,2.9265746068801235,1.1724286981885779,-0.8940537693654378,0
-3.3864296058013927,-0.42407649636267575,-1.705501639170761,-0.024335266261180107,-0.09297112428416243,2.6424748038323167,2.0475829658637528,-1.8988771942786906,-1.2437708758441273,2.0211379481697893,1
-3.896539060634671,-4.606329523668265,-3.1769993805573282,1.174289076309881,0.347992922576595,0.9694980599008141,5.665453765715405,-1.958522532463756,-0.7368659754892721,-0.9056840743074317,0
-2.8887230919190094,-0.17797967653682467,-0.2233968871503932,1.2740690483660508,0.20492363850035855,2.473983801821314,1.4988812309839996,0.45143723218045884,-0.19856004917727255,0.641555217416178,1
-1.3413157928115949,0.33205039189902524,-0.7432949033301735,0.4261667801402068,0.35956010627169066,0.2735101981771144,1.985748509466383,-0.5194003792209323,-2.7572917441650695,0.23228231697129098,0
-0.9428776020051479,1.0384555111113971,0.13465452413708223,-2.154966137185688,1.2037092526592859,2.626639233052327,3.0982411590267382,-2.8687216867453484,-3.6735962912112954,2.179634947134125,0
-0.1623249696978074,-2.4116262411115597,-1.5770620546759435,-2.3000840295097587,-2.8430705395720937,-3.50612681381112,-0.7761913047251017,0.2515146137617481,3.2039798706072387,-1.684876333572178,1
2.481156057399668,-0.1965247354131431,0.9781476264464257,0.32932333268373004,0.18070192027133647,0.703108240259837,-1.5323876266265457,-0.5670209350334592,1.648483817890598,-2.420529449797697,1
-2.1186914410136883,-0.13606922583347855,-2.727633526038475,1.8808137102758167,0.3197968072890529,1.8124657013998733,-0.4420638769341487,-2.0423676491263256,-1.058723650405045,2.208394480523079,0
-2.202425675212945,0.3833498329221267,-0.3063112782334295,1.382147783350684,-0.9570432667781695,-0.053301887312139806,0.44339388385102785,1.1605689008618822,-0.17603697024691134,0.5914768238764097,0
-5.2059497689256276,-0.04439487149584516,-0.6951121748188651,0.891918732914346,-1.8560674014685168,1.3771658975294687,0.7178438631384257,2.0614573475885978,1.4379983574525528,1.9650610377790225,0
-6.844521709584277,0.015503313893541143,-1.975533951224211,-1.1281734320850096,-2.4007268915760482,1.746706437998662,0.08021322873752013,2.362943127862415,1.3951747755795973,2.0938921825511607,0
-1.2213986094010034,-0.3414750323886533,-0.023468633594303845,-1.4018559325419024,-1.0823533611676561,0.07674512164000802,-0.7777060641929261,1.339392833485794,1.9105322824936448,-0.47733224890478376,0
-2.541865635098005,-0.5518022442409989,-0.8140680902165234,0.6810207681626266,-1.2444239418878829,2.7556156143845003,-0.07985171848376749,-1.1542000652472746,1.8954830473967625,0.8144530306256943,0
0.0031818088519825656,0.19132482611874663,0.30583642609341366,3.109077556890084,2.264394318641917,-0.670489726267393,-1.0354349339306124,3.1980756729708615,-0.07932049059484458,1.3711363637223626,1
-2.1479570847696547,-0.06426734816799846,0.27589087613142893,0.5964481880142906,0.6302120680888381,1.9525504144495234,1.4533201058118759,1.1313224092367484,-0.42160747446396263,-0.01607919816331771,1
3.6376082055423993,-0.6605868999379488,1.6101765344992325,-0.08743092948647811,0.9791424745631266,-0.12521971807682764,0.2812732860084506,-0.9987237608887795,0.43915626911214556,-2.911920262975766,1
-2.2338383364203307,-0.5910122926713821,0.18814715219984568,0.5963386850426611,-4.2474504460912375,-2.1287381758337762,0.5556979916932995,1.315861760665023,2.562649151750118,-1.4623312390394916,0
1.673030543522771,-2.2091990232808922,-1.8297553432471347,-1.27005365123844,1.3424378435898554,-1.2016968057116284,-1.5030938871369266,-0.9511581239029252,1.5930427297961436,0.6295904889570616,1
0.7148205256415946,2.222258472911256,-1.348667657488688,0.7784619931528632,2.052438461714673,2.033965308688667,0.9494536671955376,-4.8211297074412425,-5.541724908174528,3.8732416157921024,0
-4.516812716844269,-0.6817900705122045,-1.8869455008591138,-0.5174416594215236,-1.3643786244314522,3.8576447150243336,2.9512336011824747,-2.909412862602037,-0.9631239890568527,0.7548555546213747,1
-4.627381017199856,-0.6914447351044433,-3.277192764219731,1.8010091096200445,0.9619943268229869,4.705556475984446,-0.5910975587900982,-0.6463695550414459,-0.049065749155558946,1.4335621490936497,0
0.28948336729037316,1.1336417310202236,0.2673424286392476,0.9738850533228717,-2.5090016180803083,-1.623974179326403,0.006933135548371938,-1.2979760435982608,-0.43698140192931645,0.2015695146360803,0
-4.215319139188465,0.7533866479472426,-0.5307833655910322,-0.005532334491595468,-2.0273634955485558,-0.1456490320525743,-0.11523243171364994,3.0611406354231803,0.5274481614766899,0.5240513270134557,0
-0.9477138736261701,0.22265553145388073,-1.2594915003463465,1.3596200059831587,2.1975208727542723,0.36866177843434655,1.2457351625702706,-0.34557894864753647,-3.047708083453711,2.5072750253764626,1
2.3543470582035972,-2.78215101421278,-0.40653882399600216,0.3904300619467385,-0.4739097171634392,-3.0086228528750283,-0.2164768152435521,-0.053151237127174844,2.5849943837175897,-2.434890471180005,1
2.4154904652000715,-0.3815134490024185,0.5090595153283688,-0.44738742322401454,0.4456002553684031,0.3525570926996531,-0.8915405582811751,-1.2177523397602805,0.8487529931473763,-1.63061061416881,1
-3.8624274723962886,0.09557980410794319,-3.734386702085952,0.7697013143291401,0.663949268785941,1.3811876164164565,1.1067572646377128,-1.2858789300641429,-3.6282317499301886,2.0799147131336673,1
-0.6502602619386709,-1.7094663152809682,-0.4753019574143641,0.8602774246253376,-0.03502840042952937,0.4679602436573921,2.104547524334331,-1.3994453224049481,0.41524180222909424,0.12629293795063756,1
-5.948521430958605,-0.23012823492433174,-1.7663036881650003,1.7825946343145853,-1.766823638644911,0.8877938575652524,2.148601435888387,2.3705976216197424,-1.0554391712716478,-0.8175220662672795,0
-1.7510438853053036,2.7984467926792216,3.14586931729784,-0.07332675421007341,-2.2236282399670806,2.462121665565786,-0.5444848580197059,0.6326644726074211,2.0020898892780625,3.2012948272228865,0
6.017718955406189,-1.8331188244883234,-0.329167275530448,1.974224104844965,4.063674036474338,0.7561271767129554,-3.5938484689363643,-2.535314424399835,2.2741790048763137,0.13999884555671693,1
-9.089110617275091,-1.0565759039570182,-4.581370587617976,0.5789349333942335,-1.2077382993342223,2.4772360814026304,-0.3588944460427217,3.5958226054807483,0.7001041037190272,1.3858027876317898,0
1.811190836178363,0.1613819435987956,-0.07045396460131703,1.2049809825397926,0.7877586503785712,1.1222137485488246,-0.9030505800297124,-0.8933123174503848,-0.6639297212369892,-3.1670469094451725,1
-0.3192975337835661,1.0285529116672885,-1.5413451542436392,1.455355470328795,2.9375360062883518,-0.6141924299137869,-0.7430241111804741,1.100472637458251,-3.325468500188946,3.0132356277577514,1
-7.085968091065449,-1.7345524810338082,-1.9905076078051924,1.361302191190988,-2.5986183657202404,4.757626718036842,3.039042653113179,-1.0948527894707651,1.610793944418777,0.018835130363657027,1
0.721535485713367,-1.3339215260390913,-0.31266308605378546,0.5485869756669965,0.45637229252993605,-0.05136966245095631,1.987685742396659,-1.5920075312537687,-0.7628596601407709,-1.3059385456766104,0
-3.904296900668698,0.9008210201632525,-1.698357802916525,1.4136239555584724,-0.9307467222134029,2.766316222221581,0.3804784495509632,-0.8159596040942101,-1.239923849347637,1.3302819975614666,0
6.105712968633348,-2.6295702213335588,-1.4293084495487363,-0.4131576072383761,3.7846581796152465,-3.808829407409069,-0.6298815042841617,-1.642260650290681,-1.283636643561831,-1.789845832680951,1
-0.998043719382883,-0.6057150920788346,0.38685387041382824,-0.5551721271057609,-0.1378349152580366,-0.2033503333807285,4.237918709617881,-1.6042550049699151,-2.0166338804354496,1.2830183249475402,0
-0.8077680833423212,2.721435616555189,0.29515575528375204,1.9183824105040108,-2.6347629228720284,0.8357589709420998,-0.5857048318634341,-2.167737870884125,-1.2687873172706743,1.2190696001316166,0
-0.8784255361793081,0.9876104735683129,-1.4775199731591173,0.27535997923299943,-0.8307871714562591,0.22441490979214074,-0.6849345545273,-1.5249283003165146,-1.4405751250822283,0.9831331114120886,0
3.822910913113505,-2.2516254723748923,-2.276355903225772,0.6581348926913176,2.4075591796656024,-3.6159533355974753,-0.7163226756128559,-1.2717402667024178,-1.212287199361131,-1.0498884291870494,1
-1.4509936209132284,0.01269210299193711,1.0429055830016853,-0.14681136832509029,-0.9476312985615377,0.690750243534419,0.8307998153329847,0.48134238379217953,1.4748325939295004,1.6427809126800383,0
-3.772294884863804,0.7089692122275455,1.3641639645205013,0.3716832142864395,-1.95019148897655,-0.4234459552210337,3.492841098006388,2.9236092834168605,-1.1857661058593982,-0.8806336573651143,0
1.110803364344535,-0.06022663350140314,-1.6417920655482487,0.28316501340017836,1.5545188639990273,1.5686534722834988,-3.4752603117095,-0.6115005803410256,0.7311581097618443,-0.41193687152252256,1
-3.858257451590731,1.3925705491678386,0.3349454278141042,-1.566373343541191,-0.8268464509597295,1.807109366051932,-0.10531590011230119,2.5596348842024352,0.27752484810708167,1.5773643649249771,0
-1.4804298465363868,0.5489387813618646,-2.4431048539536944,0.23648553549802737,-2.3832905758207765,-0.0540631588586693,-2.7494158289773534,-1.7107168752282487,1.0484349499738208,1.5515089741445118,0
-0.2960141015580619,-0.47394584778199583,-1.4588087081363443,-1.3593251711915326,-2.0275151475719717,-0.6048402824636099,-1.5226082634274745,-1.972106432083769,1.8072795637353147,1.2305003629258482,0
-1.1912972462016003,0.04657907111735478,-0.8959720336423075,1.4476055720634766,1.6168190721216176,1.70445205318861,3.1800815947807712,-2.5260449962235523,-3.610271987214419,2.2845572476908,0
-4.544222763776334,-0.06665843830292427,-2.237838730150685,-0.46664170514456416,1.7610346316013958,1.2221056723143038,0.6066444799198394,2.6924900477671274,-1.820392165040118,2.6218318264082385,1
-4.488087325207565,0.6959756122704891,-4.229540415358626,0.5278138846035769,-0.041669927349229474,2.570546511826763,-1.1526242771771282,-1.370306270596637,-2.1705528427859972,2.689180284642724,0
6.037278965055269,-5.306548246788172,0.4604060417287321,0.7433183399216454,3.84083628849854,-1.2735322050689395,1.489242616975687,-3.4417099672486957,3.4055218311553963,0.5821532028921064,0
-0.5118191859586066,-2.8387639931724133,-1.1846857741768932,-0.18970503924514417,-2.1394331930412402,-2.7658523140680793,1.674570795155247,-0.48669949774335763,1.8896114607473236,-1.6768078407268856,1
-3.9607530206095256,-0.2804747943810465,0.046654190815798025,-0.6828648921657748,-1.3885939073216416,1.466586077080209,1.6329781055610952,1.1776969015645513,1.1065169141265798,1.4645783409227753,0
2.2409821278386524,-0.6607672405361492,2.405353423069759,-1.9178465285509656,-0.7872265363834784,-0.6117753423255061,-0.2203950181083254,-0.25366075158369483,3.3220078305271166,0.19783906240034965,0
-3.975619590869035,-0.5764169303363166,-1.470209971689051,-1.2733127002057607,-1.2155502733749568,0.6175856784922586,1.110399009786384,1.290689559407261,0.026752547284024764,-0.014821363176676705,0
-1.8532567492300294,-0.37278463041173504,-1.7409842994803357,1.1776416181852178,1.3789142010544364,-0.31353766316904186,0.25403222690284577,1.7070753426680003,-1.6371324184427771,0.45967953819771257,1
-1.5910110873229726,0.6923568216167963,1.1294711037877057,-0.1266880610057793,-1.1670880554466363,-0.2257434148967825,-3.1225082785539104,3.4768450686530223,4.328554820223831,3.18498379908935,0
4.811532413166028,-3.6620430074091574,-1.2766355769738031,0.46064110194898666,1.9245528746777536,-3.0422625520097952,-1.3114307802095992,-1.65594231076564,2.423516668509976,-1.2319556135116965,1
-2.0771007861017807,0.15814905903091792,-1.3851579578397968,0.4209344221242874,1.9580662208761614,0.05664693147311495,0.0787420430971637,2.395107225948304,-1.943961422440848,1.2400706998204982,1
0.48981852743031573,0.8351190280872531,1.8783690529000752,0.8440652263220182,-3.553639993818832,-0.04491957048181672,-0.22227393735142265,0.21616504207641007,1.6169867147845571,-5.018843437693308,1
-3.7365843236220146,-4.900993021625568,-4.167611185531629,1.4231269151015797,-0.1642721732465644,0.06216424884122951,1.5692476413063337,0.12965283997956534,2.3299220874541766,-1.3940768234640477,0
2.4559379565816517,0.616506028159984,0.129203116718843,-0.7326094332781293,0.10297399782779804,1.0049180370877462,-3.2035294067025317,-0.5387550544142172,1.1145480529544254,-3.0208074687798825,1
-1.4232277131360587,-0.09846390793997334,-0.6954994874287013,0.252142595731107,0.43157928748491337,1.6862211014034272,1.699699748238238,-1.5325183560109639,-1.451924899859606,1.1110999488899056,0
-5.187580495907483,-1.8957887224598369,-2.0698661702613226,-0.6836604189231257,-0.09687505779374095,1.6904849625948344,2.709613474436905,1.3791040422280902,-0.1514069140467995,0.0803063946627075,1
-4.084815872421334,-1.0193996191676111,-1.3183729617395465,-0.13846429063113597,1.4261009998483498,1.3652863681983838,4.318672886550165,1.3784725487177885,-3.282008316161274,-0.4816029785101723,0
4.681414647405963,-0.7277337488831863,-1.839230002696308,1.7338575434182968,3.6976529984627517,-1.9900383124140388,-1.2975925317641461,-0.7856610028272687,-3.5461104665799192,-3.964750185696733,1
-1.2663521109296276,0.8339043633109773,0.9273896139209779,-2.5201006813190334,2.0606673317786344,2.2444154538958885,2.4107961765727373,0.48695112235137783,-2.5857504504922635,1.224896320671009,1
-6.980142780613381,0.25960145803725015,-2.5921750412526907,-0.6653027224294583,-0.43488232100778124,4.989990786412109,3.247715527483757,-1.259868694106086,-2.8116854429859828,1.8043480255891797,1
6.036980306260569,-3.202755468895453,-0.008567083485745863,1.2602998877195846,3.0523766007051507,-1.4977483628481303,-1.8782136034378705,-1.8157141741097245,2.95867932806973,-1.0354307656860313,1
-3.2368816261940623,-0.3667755040873644,-0.46727303566274314,-0.3674772022016527,1.933774611507548,1.5050326908378047,2.807210026335544,2.1168092761654,-2.273957743665718,0.6940693742664417,1
5.225167034879417,-1.272020047725808,-1.1894530188787,0.01928481106888335,2.666656602057897,-1.6059556142581686,-2.473206281776444,-1.7331261406919511,-0.333462002856298,-2.3350719962895097,1
0.20651918530810517,-0.09796461412224101,0.747326544397855,0.23298582011103414,-0.24020947659161684,-0.7396338338012152,1.229380320985805,0.2686005611269441,-0.34010464314669675,-0.3925439197474423,0
0.34249720252636556,0.7912523123579441,-0.1392505391853519,-0.08524145584167903,3.1537377859485005,-0.6793396456485854,-0.6454863815974317,2.182983997552345,-2.0242719112001604,2.688954964756857,1
-3.647710622519304,0.5656755989333075,-0.16114312577344603,-0.13869683010301334,-2.363296180481014,0.26230579868846315,2.730326712272264,0.08015101550974801,-1.2557665727208192,0.47971199482848215,0
-1.1223808309145347,0.5158521762772619,-0.5391352031776893,-1.0952690720765141,-2.8773354382282745,-2.753797383694909,0.9011047409790172,-0.2439384778499204,-0.83260847134748,0.10398169677187397,0
-4.520307891775337,0.9010675277779681,-0.624620723519064,0.6769407336502461,-2.334637912441134,1.1985295816577377,2.666902252925624,-0.44145437620288264,-1.6125442252243314,1.5148141340401404,0
-4.549646783475545,-0.6032179285199454,-2.804931195721819,-0.1886510209238506,-1.7833439456555107,2.774016036414955,0.5133332601347788,-1.5946685476848428,0.17831272444487056,0.5404673019027942,1
3.5562290850995364,-2.0723335107944107,-0.29188046870413353,1.7689628586257444,-0.14245810679614634,-4.054287334332432,1.2441962616032862,-1.387885817431383,-0.30043374468689676,-2.753910646779838,1
1.6540473834161906,0.6159739302831406,0.49781420009440414,0.35693292221320616,-0.5170799108575577,1.9736955918313948,-3.121201880834378,-0.6691831978552544,2.152107454352536,-2.5145475045110546,1
-3.1913785316257552,-0.02025382440730571,-1.474136283945676,1.0475193932124705,1.9004437878908365,1.0243259980366979,1.0715489986279454,1.8915529072664685,-2.043329033783026,2.1589773479311507,1
-2.4780990625744104,0.9234723414328893,-1.1687049128060882,0.7868558024826998,2.4579620263612307,1.348704505113867,1.1303822698844168,1.2281829216570845,-3.4944816048209892,2.4710063210211253,1
-3.1072622722307117,0.34889582409334136,-1.4822359760917359,-0.5482081369352808,1.0146423155191944,1.794666064708872,0.9904686851056916,0.5803777679549436,-2.0779581743389706,1.4429216719078253,1
-4.704861097683107,1.709736772195781,-1.8791314382060924,0.18708557513209015,-0.8961592463231003,1.1024572724994233,2.911737946801593,-0.850740530676153,-4.781667382043467,2.34017195262102,0
-0.1647878501036073,0.9767710756675315,0.043197291707229635,-0.26530266485105386,-0.739232071523614,2.42795571322211,-0.1659184691667328,-3.2338204454857378,-0.04479340219063932,1.99944904630701,0
1.8284022006379979,-0.7888711312895962,-0.2149709081147766,0.24244482187983118,0.34991193607929416,-2.0709925360297397,1.11217332444985,-0.5956630923496029,-1.3364479024695806,-1.9237442382075072,1
0.7276888877272597,0.6365996701884764,-0.5050465898624922,-0.7394937530221861,4.0352951094946565,-2.009521827976209,-0.8930318705999287,3.4520615728646864,-2.7380623704950855,2.4730679665116626,1
-0.42513385389107045,0.45981076120501013,-0.425006625959776,1.1217690826838533,0.6456076931499073,0.13655689643145186,2.669675401454426,-1.9301972010850568,-3.419821779703844,1.3300349744386213,0
-0.8578079387661847,-0.5002468712506244,-1.7245265225512814,-0.6911840706855457,0.817163258564026,-0.3536381003744551,-0.2765753116801961,-0.020556103410435123,-0.7668574773735675,1.3057308466945319,1
-6.162750741209629,0.9657924659397059,0.0156360119723169,0.01065018333972301,-2.539480470009969,0.8022897237000242,0.9103460268292725,3.980076880420076,0.8422880953352267,1.3049393293877938,0
-4.475715919944336,-0.5412088112153907,-1.1790349450691675,-0.7146162589024936,-0.30251799275830127,2.7502998253775415,1.7257140168176002,0.8313563383371934,-0.22158966335990982,0.2088221536595588,1
-0.004439832639542681,-2.447297004786242,-1.3409557077065806,-1.505477142723143,-0.40445028737667466,-1.8207659464925672,1.0835266659459455,-0.47175349841097447,1.0089640997138325,-0.8832006299307756,1
-6.808375823846751,-1.6483518401094133,-1.186949893610954,1.7503367094728528,-1.5192378070480848,1.7480687123024294,2.0645470274515496,1.7539695236858368,2.878848678115923,5.031498537548329,0
-1.7778430364078965,-0.21052618124636174,-0.025361750506584402,0.6119636544075946,-0.37959279667027657,0.31064378327160136,5.016764327424835,-1.5200665812077383,-3.6551970180698587,-0.780648169343529,0
5.425005334100159,-2.594519389703962,-0.27937469042367236,-0.8935861777121661,2.882995210384474,-1.3810522769296445,-2.286936692948771,-1.7703219768291758,2.6056021659277593,0.037179435184438336,1
-1.6828563937731325,-0.7004150636417755,-1.0009512435277077,-0.3198008377480905,0.02065755606190045,2.2911617274333342,0.4027904101429328,-1.2546409884365084,0.5736002615923959,0.7228576116197578,0
-6.341551610431678,2.335865839966591,-0.22786502574682033,1.1075136429851422,-3.1595973511749595,3.5620455797718984,-0.5063257623859956,1.6008487817198125,0.8286788446034798,1.9976042485661551,0
-1.8513981294551831,0.3397638776882651,-0.06645776129828407,0.3518751523973455,-3.5628179978321026,-2.082713129988751,0.9923881140051579,0.1953802117163066,0.3628090742690542,-0.27722189164019406,0
-2.3409569733706146,-0.677821989604564,-1.315650504454794,2.5769197510413147,0.389094112518932,1.9301303327487447,1.68818177477409,-1.2561298894905044,-0.8966277323122941,1.3470145035986976,0
-1.1364298906372725,-3.2692139653213146,-0.9723312247648492,1.1363279294441306,1.367052130817358,0.34771262797490066,1.784113763445176,-0.39662115119887464,2.2853828850060287,2.587996105900479,0
-3.5568037983103995,-0.15642721300305207,-2.5757092006257216,0.9623218575320852,-1.1874829964808806,2.9082194794446172,1.3924109913306526,-3.131644524111527,-1.4276623655292815,1.0915541979196413,1
-3.50379163270874,1.133720492697835,-1.074890101679944,0.5250464738696413,-2.674055809741663,0.10580977505013611,0.3540625003990603,0.4692166642553184,-0.8524874745993125,0.0026209839360399334,0
1.1929038939897092,-2.5415627732630544,-2.532553506713641,-0.18558420060248618,0.7016004833600769,-3.0532551451879764,-0.0006803920220621595,-0.8454873084664867,0.005468191676475387,-0.28576572420577084,1
6.106423936868935,-2.164983180389435,-0.10592163127928977,-0.7622970167997057,3.5172771985903895,-0.6162178378728389,-2.435568127813281,-1.648889350476372,1.5576386217400275,-2.18259150849166,1
-6.02107257510069,-2.1451164798471765,-2.16356069224425,0.6860871261141969,-1.6333446631709385,0.8865960312932936,2.3911155173173215,1.3554557935491822,1.473480928185361,1.524404047896267,0
-3.9047435448555583,-0.825138590255803,-1.8537903564540246,-0.23375342001212782,0.22766406043487764,0.6841323144786087,-0.2079061954983541,2.989080344681028,0.4607430053599215,0.05028378211301687,1
-3.075657541523385,-0.18655847728539657,-1.8825929935791539,-0.7181169690934261,0.47281854044230776,2.3016740322576705,2.8464753429771523,-2.0080603927190603,-3.026574082006158,1.19673626570365,1
-6.99493418112077,-0.2820862082509802,-2.300595587953593,0.29707670650157786,-1.5817013137009739,1.7965595344661003,-0.6036528654229996,3.1979130229037875,1.8555885834929426,2.7286238347328204,0
-4.521665487284253,0.3234320200358772,-2.6225121153639153,1.342593927175845,-2.7251719007135824,0.5100103882304932,0.3750033675401234,0.9555826150340767,-1.4293150880829133,-3.1238997094431595,1
-2.3878183850073076,-1.5248256314907889,-0.07224972941010144,-1.1645869480384257,-0.5877209924271272,1.3928335508711143,2.5869188301551205,-0.7203064235885979,1.1570799867035806,1.3449361966121423,0
-0.5932498844727815,-3.615907934923435,-4.699098487076348,0.5111107390720967,-0.5061887401916549,-5.296665648766314,0.9650792464448545,-0.34109276361050467,-0.970000890477122,-1.3128995867062911,1
-3.897847231267982,-1.2093788139489907,-3.2446322601101074,0.07829243150677101,-2.4090632907714586,3.7806189757328768,4.129711114951614,-6.818423187805823,-2.271878898191896,0.318693013913697,1
-1.3581588819407409,0.6767938618013597,0.7291977367252269,0.12373495902975498,0.6589704068520146,-0.4036924341973629,-1.5682056667407656,2.677150779109663,1.9232696149021193,5.1494010204306795,0
-4.40374492473877,-1.442242196342715,-2.6340739004112494,0.5752418859449905,0.02180410657724008,1.9133191436900119,1.0463217177925805,0.6012354412178798,-0.02957007702665959,0.3883409309992617,0
-2.4790980530113385,-0.453613429172401,0.6194023003112044,-0.7007351603459516,-2.2437575092552233,1.8450588976201643,0.7373708021873673,-0.32416262393234363,2.752648302092079,0.773430947291543,0
0.9166777239867617,0.8227678974066721,-0.0782205079860725,0.8433868131894505,3.4076815808665595,-2.172215991256926,-1.9425036029394622,4.67644740928978,-1.7379874951271874,0.6280078154779589,1
-4.85316189097151,0.7268447136800976,0.30816797658087713,0.8458451547265275,-2.0661155802263265,0.17427735874305195,2.373481714954681,2.3258734828499428,-0.38010415064281156,1.7879469319320584,0
-1.4045089700460387,-0.21334224795358897,-1.825746218048202,1.6618670536093028,2.9825760651239333,-1.5306020999978345,-0.7656837511108416,3.390915122166844,-1.7908112568216512,2.6200401537647813,1
-3.218474811373384,1.55677147282941,-0.3050461171547255,-0.4326406699295864,-0.11373250813633895,0.6762593371825385,0.6880042855141291,1.9495374448051757,-1.9794930723434452,1.6273520998308006,0
-1.0925527302491096,-2.4179593418394987,-1.995996623640111,-0.7336798843005278,-0.4176225214120416,0.3530393395055206,-0.8674197643852741,-0.5521388980409406,2.844266320289437,0.028898058899173518,0
4.654648822018352,-0.049789417783354196,0.225798259207181,1.1166136691779227,3.050235170641339,0.526760132524511,-1.61790812082944,-1.7276864173664057,-1.0915297282561665,-1.8700374931272354,1
1.1414957408100814,0.4793926824343444,0.4207222291231154,-1.0181186069690769,-1.8657821289955048,-1.9853417152493522,0.8428766073258411,-2.072156658719812,-0.5647261875533881,0.7384557058750618,0
-3.02882457193515,-1.6392843416795029,-0.6111636358408865,-0.5054861361849585,-0.8712334169217124,-0.5266279366395785,2.869563479689992,1.7277421587688098,0.015553134007016078,-1.4238951745439037,0
1.3107146294445566,-2.4233123237600016,-0.8197034051344929,0.1770138624110547,0.5688773442963135,-2.4516945413361935,0.6939135194418526,-0.48162235779360263,1.1853180509727723,0.5643583568652222,1
-2.2229947606098444,0.3482528010514066,0.1982535451506786,0.7954393627049124,-1.6119688961961196,0.9392618911839785,0.22647778639240324,0.3432195153659887,1.138274657654536,0.999677378615511,0
-0.6074486528151704,0.9685204704679738,-0.6624254992067695,-0.41398644712492055,-0.962152156476955,0.23332669332097777,0.4055992323095373,-1.982168704741262,-1.5162390592972859,1.3265186557461863,0
-10.4847889440261,-1.4765804229653599,-5.529648166659904,-0.2781364603243834,-2.9201840343230736,1.2744694073791425,-0.3977497019260814,3.9767395022858327,1.3400758630391099,1.1376521929962657,0
-0.09229110951219767,0.6451163263580673,0.8408171000366982,-0.19345205725102613,3.222542834414771,-0.34214739939865213,-0.28037735249017315,3.7852954221568504,-1.2116513440405732,1.8015849428343793,1
-0.6163719768905173,-0.6596701166030041,-0.5348944743085016,-0.7815126834635994,-0.559618474232793,1.3533762213896174,1.5953152113105058,-2.2794636003158155,-0.41845733287959275,-0.5413125777820704,1
-1.2706206210778852,1.604438387647905,-0.033416007618884414,1.2487779168261375,0.31665234612386706,3.1060955487322373,1.4600139751528154,-2.6458805181174805,-2.6530959637938274,1.8898731631668113,0
-4.667354938417222,0.9490899353062416,-0.8244493471967297,-0.34769605259957004,-0.8081398290604702,2.680216777341122,2.027355320109825,-0.07529318492693271,-1.6848062653134495,2.1064327337024036,0
-1.1148134842233426,0.014737917407992669,-0.5626710195376529,-0.4529224539448881,-2.210377415317193,0.16798879737015648,-0.6818455670578596,-0.9583603650813907,1.4732791563962309,0.27099191523845145,0
-0.4475507097986575,-0.4829062029481795,-0.0725107013654882,-0.10394876606285734,0.7823006970413463,1.1812228497795874,2.2111809977692882,-1.5578636313451555,-1.2805116428560928,0.7853529427051189,1
5.249025795427604,-2.040186024053214,-0.753135190406731,0.3651303123239606,3.7065879496456127,-2.0540696528449476,-0.5028887356180589,-1.912046946418199,-0.8292821055409691,-0.514768269759495,1
-4.388308830488742,0.0544040021186078,-1.739080859680318,0.41131915322783275,-4.195469446392601,0.5161944956835325,-1.9227840022163174,1.1291470999217061,3.025705392697019,-0.51392729112373,0
-2.003011402366504,-0.726028364708571,-0.6261090628178274,-0.8990372742963233,-1.2655245406668283,1.1106210392325087,1.8839795409560838,-0.9615375093946812,-0.13732993383658032,-1.0873139454882645,0
0.07940351161814105,0.6321886803293781,-0.24612623562343772,-0.1140776434103487,2.013514662337162,0.5920976321224174,1.106707096687639,-0.5020755735152704,-2.7954959092610476,1.5449175094733665,1
-3.125064842781956,0.3772026573541956,-2.7599052004618647,-0.7087363551030953,-0.8757499085257752,1.9808430559674997,-0.7724293924508994,-1.919333530496615,-0.6362436681808832,2.479077808729563,0
3.461930380614647,-1.4400688540656263,-1.4896704922423158,-0.8660385948129895,2.127952971815901,-0.32319958309351016,-3.0693340294604208,-1.3318356443262727,1.2658106700232452,-1.0195136408937602,1
2.6841895379118834,-3.0964250821152324,0.10570407089020173,-1.7053709470927447,-0.9056749661393397,-3.3882386816108023,1.1073090796779264,-1.4284969472888007,2.6932250088074756,-1.0118352780037752,1
-0.7014223162006836,0.2703709644573136,-0.7916388585957524,-0.185403975968533,0.9934508656843724,-0.31830021141757103,3.3566319682080916,-1.863517622296476,-4.250583444962366,1.637607693906332,0
-9.103965376604258,-2.2106937342311808,-3.2421703435828704,-0.000897129716396693,-2.9764664728038226,-0.36462032999242533,3.8860868472075554,3.1190388359374643,0.2815536139872852,1.1754935041893968,0
2.8869257078270207,-1.2500958613139437,0.8210537872510515,1.158204577477085,1.4131433010469272,0.34238135531714264,-0.65711566778304,-1.181997804449989,1.865874342504144,-0.15958803556866485,1
5.337460611370363,-1.9940143584447798,-0.22354250785424168,0.4376679532987646,2.5452897099534493,-2.5606264986482454,-0.8403695830133223,-1.868325826113906,0.41286123473864933,-0.42164485683484443,1
-0.14180878187146953,-0.3089281040618387,-0.15289430318896569,0.6880558221772682,1.712360044455664,-1.1838473085624908,-1.022637742955025,3.399438332987289,0.15346565655473188,-0.0822263715122793,1
-1.063580416098266,1.136456011394702,-0.9326309053237781,-0.6086517041739332,2.7385770725669016,0.30943591531226666,-0.13215724208634572,1.614077606439602,-3.0995068203599194,2.4423246910252487,1
-4.524885891999834,-1.3008132456165296,-2.3292152493549434,-0.5676248146798125,-0.35685311440495815,0.3311557323929255,3.57796928510925,0.015909933481568772,-2.128879679274578,1.0089387134582388,0
-0.5203300868701298,-1.202311010224334,-1.1426057199053496,-0.06464602328522248,1.1257897577113996,-0.09102330444213647,-0.32550097126793354,0.3888085130101866,0.6857780154994825,1.3595738124715304,0
-5.582761401637552,0.6501056455261657,-2.0644690574682616,-1.073256615717288,0.5585884631397058,3.9043843598766914,2.6483065284416862,-0.26296549715303164,-3.3640251723758854,1.6356317615478615,0
-7.307870868796733,4.368291071667092,-0.9458182274609468,0.07055618587881791,-4.300958905761988,-0.27627294533338853,-2.782323142406917,6.035103102041784,-0.9031587794831728,0.7020792515177252,0
-0.10429092120196615,0.19615698408404095,-1.3765761960631253,0.2493731796799451,1.9595603540635054,0.13025275738616082,1.623011616245177,-1.6447965548258878,-3.687285720424723,1.8319107498553373,1
-1.7191058046461511,-0.3083762177653441,-1.1537040349576464,-0.3849825379558891,-0.9360033136824448,-1.6662056019767388,1.4587168730618607,0.8066230752977126,-1.5460930048986001,-0.8105643677921048,0
2.501928961761069,-1.2792211851001143,1.6221430975050009,-0.21676968105577046,-1.341954165233537,-0.18636188163312428,-0.13884580219708686,-1.663858183657093,3.362669713759944,-1.5937905925602474,1
-6.799319798148132,-1.9194965643966901,-2.361020796790217,1.368569343255168,-2.538156202642011,-0.482310626728899,0.44966976269180026,4.083744703503379,2.952808024317611,0.8762822268242519,0
-3.385251628680172,-1.5645607406049677,-1.7937479232804874,0.2898721966071308,1.2423366376810772,2.77114823866056,1.8638155197646982,0.12231403557041753,-0.48160458032498077,0.2073022502906401,0
-7.632877997333877,-2.7080137991037976,-3.4910250696513425,-1.3574611356307849,-2.562435107532262,0.9713080869423416,2.1599057043701033,1.8292990480544145,1.8004102455736497,0.13829638027822433,0
3.2090136330267955,0.0742836834687426,1.0130239885547563,-0.15715899432613786,0.5368715461697093,0.8391534439906345,-1.8071956714558026,-1.3084445371023765,1.2948102871304839,-1.9592059600755087,1
-3.1818227949835984,-1.0446441696812356,-2.498701849511778,0.29384537061159527,0.1427176428068362,1.985202641800723,0.09433085694457344,-0.30559120432528986,0.09085522426032111,0.6410721231367982,0
-0.7529082164594636,-0.6390156890792996,1.8798338821908662,1.7123926183484364,2.291383154397611,-0.037803461119292336,0.7352162606763519,4.935430765505568,1.1109780844498545,-0.050707052327580326,1
-2.4054804876636355,0.9256359436879878,-0.8912853677101966,-1.2128316109589588,2.1260953690106357,1.0616871076476926,-0.0026448858334167102,2.439675933531889,-2.232946612020104,1.8360143511843505,1
-0.4225834526597854,-0.6921661435625351,0.31781959994968534,2.549535934486057,-1.2948301453793074,-0.09217240245485714,0.0608610282618377,-0.24598571272443137,2.0462031925818365,0.32128971300143294,0
0.8946584355799196,-0.503747083808246,0.3176019749397825,-0.7941201709130017,-0.5302903727966919,-0.8884546571784452,0.676896991605425,0.05210117157040717,-0.1260568124907686,-2.734997688166874,1
-0.6906080429682669,0.0022790727207644616,0.29518196325406154,0.5951040767533522,0.952402801824665,0.7441279047052661,0.2713704708053275,1.2548810292008943,-0.11305399677141403,0.210884783195723,1
-4.718010627952749,-0.9360119278969112,-1.3028771629330393,-1.2456243495863109,-1.4907380348657953,1.1563694546512342,2.275514968227659,0.6559145538890818,0.23417059985395705,0.8779687904815048,0
-4.383387857720318,-2.6219078015640753,-0.12676156035955943,1.2303878131020307,-3.062282693278558,3.574006422217801,3.648341450119123,-1.1595100985695361,3.0718067869397574,-2.9855691240889026,1
4.578284991824614,1.357928753499798,3.011662601337913,-1.8144149530492826,1.7907596213729116,2.509082947525083,-1.3352957767813503,-1.6502615924954998,0.3453536359763172,-1.8190205518805,1
-7.677074738068136,1.8287208071357766,-1.0401482542808722,0.5006495565375086,-2.850184532458507,-0.07618644788096796,0.8075072609159257,5.039491016504676,-0.9401166812321446,1.6699410172743079,0
-1.6410347127037088,-1.0742978154800824,0.7149280142112144,-0.8952830930230352,-0.40261017501303586,0.24887644991754643,3.4715193134607,0.5201049519744907,-0.38526674288226903,-1.0298319584615965,0
-0.5722554989058132,-1.3875059225797193,-0.28093328338117063,-1.5502861496413232,-0.02922388245755192,-0.25119951175209065,2.488472011233659,-0.49356299764802314,-0.577327176036766,-1.1925513932039786,0
-0.39843191306076164,-1.2121781335632456,0.31466558658842936,1.6519021248481212,0.48267720238339473,1.9364976895582677,2.71824603565772,-2.0970356042386102,-0.13311144276923392,0.1585730571043703,0
-3.4283513848425096,-0.2723540769207455,-0.2243795468158194,0.35325300754767947,-0.7544844540343805,2.793277103685078,1.3149107420879969,0.8710296592386283,0.43782105137527094,-1.2058557242536327,1
-2.543466868109425,-0.2529149226142534,-1.8660582120331806,0.6889969670139466,3.362457598420562,-0.7216678569420074,0.567628208087931,3.3897615637283796,-2.65200470932246,3.170862186209008,1
-1.1790852050646154,1.4525178046038592,2.2260278879491855,0.7380714677123451,-0.74892249828222,1.2639510847365862,-0.0757800446937158,1.2401759406731825,1.4628252949621574,2.6537014154524368,0
-0.9667411917051398,-0.14677040843743042,-0.35488001229954136,0.6053486830451628,-1.258533154612018,0.7556517941655184,0.4418619290428951,-1.5054345256436923,0.5951227266258241,0.789972034840335,0
-4.556991022054956,-0.28615070445786406,-2.376654678896061,1.2774991886388645,1.3508274380592675,1.1635353774159363,1.0443505664361934,2.40689789569094,-2.0415895711344287,1.3898597344757615,1
-3.9477447828060304,-0.7862932436186276,-1.1298341311946636,0.2056754789414421,-3.796800313827923,-1.0666169404195454,1.1217759475738922,0.7992605595216602,1.6031189174869631,-0.30099026391997463,1
-2.474887879235815,-0.4604632682574282,0.5031969565943222,-0.3332489823210778,0.6199895883024682,1.9965579022902682,1.8851030571100225,1.5961143334017458,0.05194268460146123,-0.16670839951586403,1
4.259032197779228,-2.176929092749045,-1.2426254546110613,-0.7014323706704181,3.516892145396807,-0.6257554322628027,-2.358640722640552,-1.2058124634396123,1.1192018294356596,-0.4148351984034161,1
-1.0035294692878016,-2.5640731927961697,-1.2083449582470933,0.6049427271695414,-0.72167652897115,-0.0932682571376735,0.38979437622913415,-0.19559399522602816,2.6066938739254644,-0.888654836161906,0
-4.621677759430538,-0.07467782339781609,-0.4323879134613945,0.1650874592171405,-0.6246676667370046,1.3480867845428295,4.866511236165342,0.1752688555914308,-2.8766154370894066,0.9147828550075189,0
2.0072197520832873,-0.7644673815869208,-2.0360019383323937,-1.424988111781626,1.4237558097663174,-1.0403300546750578,-2.6556991614290455,-0.23067217895418635,-0.162444272317551,-1.6291260920008503,1
-2.5421549614978116,-1.8572540358176535,-1.860744211155489,0.2776949004347434,-1.1198138330577703,-0.20824912987284128,0.46280386171948773,0.42554672906492264,1.5249758383534955,-0.2151267451236627,0
-0.5669842584850916,-1.2523618912134047,-0.542842281890196,-0.010495496098012251,0.9855953480534764,0.045304355260607276,1.564266657774446,-0.39760192849865517,-0.24638585869442098,1.238351390987746,1
-2.885729123757699,-0.023476027751524527,-0.5835052122053737,0.8355062567539862,0.864408798399422,2.04906418112892,3.6302999254635404,-0.6292786108731112,-3.03599421886442,0.8311015568179075,0
-0.6375135311834439,0.16987867618334104,-0.19852117265933777,-0.7161428854765648,0.1745645600008836,1.1882487542164202,-1.398128053854299,0.17522623751829347,1.334058579958122,1.5639115367918883,0
-1.659120877984613,-0.7644259489258889,-1.8249386229126296,-0.5781236631045978,-0.01744856877760037,-0.4876043042954874,1.776170395496649,0.42794032060175247,-2.4472762650642315,-2.840937011661565,0
-5.313134673159817,0.35755445669364744,-2.8306642247308424,0.09006820375243343,-2.331297557712291,1.3483351547507234,-0.09864768859928486,0.018586727380998314,-0.33236930226096983,1.4848078204496453,0
-3.3813992024146864,-0.8761804597034645,-0.629653095575039,0.449492499711428,-0.743952734589147,0.9687974436126253,5.25068855755523,-1.521728668442456,-2.6002939404221785,0.5327261440816032,0
-1.5566562482735502,0.45918161482179976,-0.6587698175054826,-1.4178591912032477,2.3828985409295367,0.4845780388214729,0.4315541533192617,1.9420663719876032,-2.0868140039739203,2.1152981310314685,1
-7.2700420867630005,1.4021211098971795,-0.9689811724711973,-0.08306558718326772,-5.019554673174303,-0.4416178235617363,1.4249638657886923,3.8500967410230738,-0.4832203507262538,-1.8857545281946204,0
1.033382841220795,2.2585424464476795,0.08838737989439771,-1.4638039132456064,-0.32243722492430604,-0.29106533821509073,1.1074423689028752,-3.273919789048197,-3.923433799660047,2.0864598292614813,0
4.902569073581157,-2.167278577585324,-1.389389006366197,-0.7997014023069993,2.377640988321076,-2.5071158572331376,-1.1060306381376148,-1.64276067680694,-0.4953457727146877,-2.9852236103025778,1
4.256773686494588,-2.1188857962902246,-1.1238450788933088,-0.28648614144564,2.7747707858231236,-1.953675645134335,-0.8006316316274683,-2.4246448150179276,0.2141242662807894,1.3066610185847112,1
1.587578420902148,0.07585045556899328,-0.39325419855668,0.7418520265665853,0.7931402877059633,0.7829442717669122,-2.043511707105792,-0.656003441874625,0.5133114308719516,-1.048132553224979,1
0.7680466541094009,-0.3709047006360663,-0.06468320723706755,-0.023994803354106694,2.9118996602368163,-1.814638112910207,-0.5575028972622524,2.8644899437941813,-0.6678138495407133,1.8278506096609677,1
0.33200692966537565,-0.23259258536641594,-0.21817366318182507,0.39748217589568424,1.6153286847184214,-0.480629887026647,0.3490496710864426,0.7379069041650804,-1.0449618874761666,0.6420908304632884,1
0.05433950048816722,1.059471225400884,-0.0863002014853319,0.1772159538884059,-0.3445704069024721,0.6821329676409582,0.7004219516135806,-2.080193890841481,-1.79726218744988,0.9301532816284986,0
-0.7036326338859348,-0.310706549718978,-0.6780606436672615,0.23373083464944971,-0.8655752422098277,0.38131943256876444,0.5553654071663021,-1.7195025255165708,0.14247039280200458,1.066839720268721,0
-2.3213148492885995,-1.3347119992822243,-0.9048669152111131,-0.4266361045534556,1.1037894509348942,0.8681650297164629,-0.43878010638418163,1.4643585185987908,2.205236595513446,3.718723820506429,0
2.35667894164102,1.0026043998859793,-0.4373594174755051,1.1084171154609146,4.392408713468264,-2.730309244147857,-1.5694622781022574,2.49430593582493,-3.1786057764435602,3.024159786582182,1
1.444686249685103,-2.1138236469534095,-1.2585171363210552,-0.2747740738272879,-0.8891667833297279,-3.194448565675025,0.44302119686081665,0.0033173769073751025,0.2949210876880177,-4.078418226749333,1
-1.8565899550751697,-1.2170853284336687,-0.6434891269796672,-0.27082746953691056,-1.8211335518978276,1.3779777995989113,-0.7771611154818254,-0.1509499958230861,3.30763776248131,-0.5160477896840272,0
-3.928800109813984,0.016562576910034765,-0.8851641164313591,0.7200342615011702,1.42967256924774,2.3021100197026474,1.7682862845302325,1.5402081034352009,-1.5054889242044867,2.2027833312258087,1
-4.109621802963877,-0.8568862999961717,-1.4879844909037354,-0.7711082617036288,-0.6316431905725493,0.5372399066063214,-0.16049045206785295,2.5688168136497724,1.4665705584912707,1.1471400646113479,0
0.6842019381882165,-2.0450979417697415,-2.997244126070166,0.9136223918420703,-0.36501771510343395,-2.358392084972644,-1.3980906882553017,-1.1364235304610317,0.7483993747838326,-0.8267317808213511,1
2.28540244827963,-3.3027752677369753,-0.36416394121135676,-0.8754492984482052,-0.03522948407757509,-1.3840325872995116,-1.0725289409411778,-1.1770627011553136,4.67748794822138,0.20606750852197342,1
-0.6534623400403703,-0.49350575027217025,-0.6173219958531322,-2.083940814931762,0.6825947588932832,1.2322312426614366,1.0092414737035154,-0.8865788324547332,-0.7635967703578967,0.003107473455299381,0
-3.863280847941575,-1.7412778111101461,-1.0635273870798136,-0.5071750354028092,-1.0440695026557605,3.598621839016645,1.7976384540876116,-1.5072536336331441,2.1254629865943935,1.2183332767426371,0
0.16343075436782087,-2.5230207689973443,-2.0569070418052235,0.06920400323530483,0.7567604617214587,-0.559904932371861,-0.04731074472678187,-0.784966150147633,1.0643200579809968,-0.6201068253483568,1
-3.5100566214119264,2.9966024665570217,1.9643337905604885,0.10048804642641991,-2.288550941621576,0.9773836039790735,-1.1759589753120854,3.132126957728862,1.334312471109242,3.453793386628312,0
-3.0773279401294618,-0.010392609535234711,-1.7445848742850818,0.28298680964560047,-3.2063883478067754,-1.1989881548406398,-0.16068438105681637,0.0285434007507408,0.6573499783700514,0.6085408113326374,0
2.5742379552895187,-1.1942520471585494,-0.045922702163896045,2.343424969029844,1.0257765672645807,-0.9961630044340295,0.47799670708988384,-0.9396721589492418,-0.4429729716011337,-2.496015305330438,1
-1.2499623400739632,1.2781935773573643,-0.051365066142339155,-1.2368425891234847,-2.2979841327831174,0.7556567111606981,-0.3362474257644301,-1.296648726631944,0.05945744871492509,0.5367610508511643,0
-6.53803960154199,0.7852296336887884,-0.5391696803140684,-1.5970615947216225,-3.3867993914817767,2.4685112321564393,0.67504020154872,1.3392180170435593,1.8097538934467794,2.6694640788316506,0
2.8982175332398596,-3.3230573781129373,-0.9495088235143812,-0.07474620174875486,1.7613348530695652,-1.676099631065305,-0.6199672293912781,-0.5644681720638272,2.398576553362112,-1.1829701136525517,1
0.5428188808657441,0.45419389162343293,-0.37186112267997173,0.24415446142787509,-1.1287406326679346,-0.0581394729508482,-0.37321790463368787,-2.3973292913385245,-0.053786543471920356,1.1506340660701317,0
-1.3252740095990283,0.4967734519520483,-0.6716748619177741,0.794658277519189,-1.647327802751228,0.7705365350623721,-0.3528575214563705,-1.237845194855209,0.31189037549785326,0.649211848301299,0
-1.7000138887779486,-1.4061868838953062,-0.3284495790378775,0.13898450854115516,-0.6023305880495762,1.132520242949878,1.5817746853929355,-0.12907373180898118,1.0181044925862128,-1.0307357115684876,1
-4.1960085341093825,-0.7980318676121266,-1.5200225908103049,-1.0379804057375897,-1.4047963689629959,3.919253240180467,3.588417347218026,-3.1951195349099413,-1.1552871670743299,0.1052466328029894,1
-0.782351856358872,-2.095876704555957,-1.778632595506247,1.2297321105145458,-1.010857409704116,-0.2621027466094361,-1.565818016582467,-0.4138913471691794,3.382685184651056,0.32836918498977363,1
3.1506669652238677,0.4305338263057113,1.339504540860764,1.1708551974828183,4.396079440650907,-3.030095096914309,-0.9989246957879654,4.153286009360992,-1.6873493062925897,1.1050058924311712,1
1.88179458951044,-2.661713050424299,0.2001188139026988,0.017983402516575823,1.1144327431650445,0.6504340315028061,1.9005263068490506,-3.075112678530332,1.6375520922159585,0.8080821540323218,0
4.793188851884274,0.6147358589228779,1.173236284668124,0.786936965727583,1.6791539606531867,1.4228123886905757,-3.2654972203572985,-1.8814936714256205,1.205431879604024,-1.5294101567292322,1
-3.0743146109424524,2.4246048197703414,1.5334397025614956,1.9748235928842344,-1.9043614298422922,1.6130443932531167,-0.6876179776423117,1.971650138561552,0.9620301311283148,2.498784899533275,0
-8.15862293854369,-0.8006455905261061,-3.007155609847794,0.5007640352981665,-1.22682055328128,4.781304241939315,3.4414289731589554,-0.2684197417148635,-1.4202762375625477,0.6863732745613722,1
-1.4692666603543345,0.37735424574031745,-0.820626203215755,-2.079585666381289,-2.149223638498894,-0.750435880375262,0.532274833065217,-1.1448958057776712,-0.370778590832442,0.957592198273966,0
5.093588268136623,0.03251895406058694,0.232197005465701,-0.8555755545120344,2.6610912576751113,-0.43762433624471886,-1.531274258428248,-1.026096093544063,-1.7698452863770906,-4.263873935724287,1
2.9252442901663636,-1.6203594262746193,-1.8994968323741903,-0.36693185244147236,2.867885938696414,0.8630982097371052,-3.659404769497376,-1.7966212303973514,1.9952774075216784,1.2208447090346586,1
1.21530746098136,-0.6840332748491394,1.9840374476994267,-0.38480333395031874,0.03360089385926024,0.8012364783391117,0.9037894978496146,-0.09133991071735825,1.784422951756111,-1.105783772311888,1
-5.487713567247121,4.255122172556679,0.5506257361649005,0.07150885164545377,-2.7546619608087672,1.9939858125867793,-0.5146538829330431,2.872979630242502,-1.9060056290344969,1.6938737667152803,0
-3.759145855953711,0.09081724025202997,-2.760223862909426,-1.7150328325693582,-1.9040488619443872,0.5548921557678392,-0.9624434361536656,-0.013217744340730198,0.06810215317679891,0.8141270071170607,0
0.031439757598166404,-2.2640667443856684,-1.9822203942349161,-0.5615256598316835,0.8666474130825393,-0.12648710442940603,-0.5988111865809667,-0.018863865071810704,1.1145915472048786,-1.6858978293917009,1
-7.301422967980782,0.07018949367439958,-1.2545296477510788,-0.7706334343039574,-1.2533474772511761,2.233089712598936,1.6536714668070376,2.8069732722341643,0.47671054119133527,3.4723440476239977,0
-4.666168049394007,0.844915988293629,-1.042922688340366,-0.06411169644009337,-0.9995154922299702,2.5152896096538706,2.269884631455602,-0.11004110359505082,-2.0860429649553103,1.0105458784990962,0
0.6558471753861072,-1.0001329046153373,-2.754668648122662,-0.2836016105288141,0.35854348322756824,-3.311448834370636,0.7954223693622748,-0.4753669860142534,-3.273359332857999,-2.4182987548623016,1
-3.5091398119277764,-1.1507051571058897,-1.01770116064129,-0.1917121294947621,-1.5138666134838745,0.2508407203395028,1.0978838766118608,1.0797941126033879,1.4010958399680336,0.6038307334099858,0
0.42999826236197775,0.28634360284872235,0.14610098228661927,-0.1775576102662981,-0.7096498281533901,-0.160947965416268,1.7923362162776026,-3.0394494632879505,-1.2705526390054256,2.0453710293181455,0
-3.693080366441966,-0.44365525940238587,-3.236188817564827,1.0412123666335222,0.7521430423596307,0.6948784096271462,0.8260872906961666,0.2722164798330954,-2.4369054527038627,1.3746157596980515,1
-0.34515150926144017,2.4908487215512856,-0.07147057336808493,0.6831807068966684,-1.785577997064523,-1.8698232462762996,2.0763069215756085,-2.3515533161997904,-4.512130745489568,2.0320743067673863,0
-5.0262093734139945,-1.0383165123021114,-3.1769792196442466,-0.7024739580504119,-0.7415179242997365,2.6449940081304346,2.7154734743490323,-2.002101411252289,-1.8653541829217253,0.9992399503915609,1
0.588515586704796,-1.7502523488292883,-1.5748935799409614,-1.3465855029700502,-0.12246971523563399,-1.3942105039280057,-0.11926693691521817,-1.3896173587616785,0.86898960846824,0.4567400902213393,0
-4.747734043586026,-2.0397641313940325,-2.1058459019235682,-0.6227246694795275,-3.5358685868693955,0.33372826118859655,1.10372919909938,-0.10959844783564088,2.83154017552022,0.027702836716739787,1
-4.612630006540238,-3.154170514200995,-2.5663248586546454,0.8362220356228841,-0.5349097534746456,0.9686591922042579,2.509187891756037,0.11511253000107735,1.534615436801868,1.2549155376685803,0
-1.8875903404732741,-0.5301480532531554,0.36009079384092857,1.0545160429913645,-0.4552466171386085,0.6101605153792908,-0.823213300156042,2.024872881936481,2.9153219536586645,1.7540371908577943,0
-4.335229575443903,-1.392768763750745,-2.8626881846785235,0.2156152416020934,0.03222997948582884,1.511022001478623,2.683192182548378,-0.7528360877369098,-1.7916796570963878,0.8108141974881753,1
-2.0327357727591204,-0.09406190393738485,-0.7527213166364441,-0.18687734646489637,-0.4493762303018143,0.8272782442111699,1.8362937859421287,-0.8378008575207989,-1.267513430667813,0.7480673017876914,0
-0.23640660228931268,0.21799981435470112,0.916193778251873,-0.7335017082007967,-0.40693412690520014,0.8271415282966802,-1.470196298550091,0.4842229984297878,2.672762637416297,2.229482155668746,0
-1.644738355471652,-0.2622043611232106,-1.552242403204986,1.2149474693330387,-1.1779598719343496,-0.22362473236864377,0.88201667130743,-0.6019001549281784,-1.2160742181708137,-1.2750223375798748,1
1.9132195691343932,0.3622931567661195,-1.5448932052393567,-0.8462770588756775,1.616592677414121,0.04280030413978375,-1.4603072012533436,-0.40270901845071994,-2.6672248162697443,-3.9549850970134655,1
0.9427887543101895,1.3959684492524744,0.24160301867127654,0.814189474451986,3.9653794004541685,-0.8106502765659971,-0.37664035473048463,2.444022080830398,-3.3554927468268425,2.560207344857568,1
-1.7163206331278535,0.6480819562777549,-0.3798615299915564,1.2877302664599632,-4.827595600615122,-4.187044286351915,0.15246673134535937,1.0718495581331027,0.4666327041548102,-1.0067913778649276,0
-4.062235935938,-1.1150421448042815,-2.4265008545510693,-0.1594513579351172,0.7506950601589879,1.9419027659114305,0.6133525133393924,0.8116366576391327,-0.13484131372676544,1.656016649397177,0
-3.445264986321221,0.9978562464664232,-1.697551034340729,-1.2674208922448567,1.406368545924692,2.469511221330837,1.3870332069775553,-0.12878429393895563,-3.4327511846698187,2.3058295978095478,1
-0.207738543146702,0.48259119278464635,-0.23031274638014998,-0.6716878645784115,2.118855498254667,0.20669441542194533,0.9195792012995073,0.779952347678956,-2.5909937235867906,0.7547514371255144,1
-3.3597065582253607,-0.5483485878929818,-2.258081923273238,0.3309610537850435,-0.7612064147834587,2.4639928396840407,-0.4901749376597855,-0.9560500821785914,0.8293669542393565,1.3639160692287542,0
-7.197617589480673,-1.407849063216364,-2.2555893014444557,2.1895621752810714,-1.9577670394123134,1.4272283702826845,1.3504142238965282,2.493055415956259,1.8598055133612403,2.0978727441813962,0
-4.557043543149756,-1.947380267366762,-2.675597311558369,0.4564882704860859,-0.4240951978248301,0.935818639673926,1.4109983995574373,1.106109982782487,0.36885166042201734,0.05342335039002366,0
-4.994278407951648,0.7190928933343298,-2.013310784232248,0.16817442900652796,-1.5242869106777452,3.7726516467286353,-0.8594369308143415,0.06010431861523391,0.4187232106662151,0.6725472777166692,0
-1.6245739717324983,0.609039137305327,0.23756000819575362,0.47013767689630215,-1.9692454884512767,-0.934184642516197,0.757983671130918,1.1273123732945594,-0.28637099747261985,-0.9101581285185445,0
5.628241700633137,-2.7442827251567747,-0.7212710409039944,-1.0416179001274979,2.645813763485073,-3.185901146846593,-0.9445580975109271,-2.0414248271178357,0.8850705816806936,-0.3980016174518538,1
1.2056505704746872,-1.0402679084244546,-2.7345117807757036,-0.11293332316191217,2.3337461602144454,0.36997301863594045,-1.9581534652224195,-1.554247303780728,-0.7313723838090942,0.45612718361959814,1
-5.748767913199675,-0.4734637338274514,-2.5108349213865475,-0.5114325708126113,-0.12383503568978482,2.993913879977156,2.036270443250494,0.32837271549069613,-1.4753372776545537,1.2486284831199996,1
-2.277461216707482,-0.39884283022180755,0.3483483111903496,-0.11115045016438219,-0.625747681938382,1.8235688880099759,1.5471076845753013,-0.28522778016441297,0.9658591898620459,1.5661921836580102,0
1.176549846395059,0.26694128114150467,-1.3803528808241263,2.2096799747620515,1.8144368544451832,1.1338039454788524,-0.9012630588364241,-1.4755315900627535,-2.086426944416322,-0.9693256473249781,1
-2.739021989725794,-0.006245497852122022,-0.40113089467719354,0.6646455893968837,-0.811644818634161,1.2307301656153282,0.6276876384297002,0.5297014510059339,0.5090073589108915,1.19515470682206,0
-4.124905263175771,-2.0811237476626228,-1.6785499189457036,1.1147435876111054,-0.6111219115813091,1.065544548989456,1.5069099589603603,0.6623670360344521,1.7869785814096637,1.8638768769088498,0
-6.563603717550206,3.411140480138684,-0.18918113771500356,-1.550794164589771,-2.482948407467248,0.34998569826454673,-0.6886227019256261,4.8164347248179045,-1.193988431165113,3.062902848298372,0
0.9073481587052795,-0.2556206064794884,-3.2858447436038287,0.6499188740760427,1.875806966268549,0.7955491080754393,-4.148306902969765,-0.899548220692121,-0.19604904858649075,-0.12565869821767017,1
-5.111537571166979,-4.011477190930117,-3.471196110725929,1.3222773961832035,-0.0850958706445819,-0.2667244332661065,1.8782672225775823,2.086051543207518,1.9761969332631306,0.41772195856887706,0
-1.0001693526307387,0.08184608339608304,-1.1399899948978345,1.7191398227371002,-1.2565779753911208,-0.3568176586132128,0.3848686895071094,-1.6330576356508006,-0.5485752794237257,1.3120070219402122,0
-0.8907683408401971,-2.216824596062532,1.0848405370174334,-1.291822959100439,-0.9142789004627252,0.7467830116966159,1.9914942574372962,0.880405019861716,2.8460616981318654,-2.5873657759984994,1
-3.149314655265482,0.39626247872217324,-2.351888743450532,-0.5687651854669166,1.4202158267956029,1.7663865190233012,1.887654148353233,-0.9760583770739089,-3.829409854401649,2.366029827793694,1
-4.321770413152479,-1.1130983561809762,-1.5036411474173406,-1.0107205834766,-1.8304388893389336,-0.04478366848958548,1.8868275563543913,1.6916716075668226,0.14269049690627256,-1.236013199833176,0
-2.6621432585455933,0.6442313484556725,-1.1636641503554155,1.5764529088341543,-0.2952927221429572,1.9074138411246482,1.8665553142398497,-1.9423019728347752,-2.247974106964824,2.267209480169244,0
-3.290148427248232,-0.016900506410979562,-1.2816955552816471,-1.0954699550553566,1.2598318475809145,2.0661109690825654,2.0040206049006817,0.11739820713434534,-2.1614127550929734,2.1515913302866663,1
2.8569888456884804,0.17748895117555696,-0.970401653394176,0.5269680314381583,1.093708245163958,-0.461458137736957,-1.6787371001011193,-1.2271539433315906,-1.5237626890961313,-3.0493986771626207,0
4.273207931089839,-1.166960082274353,2.7920367152926917,-1.0175039658870488,1.656090427269429,-0.7587308106651716,1.7297563572914227,-2.4724656956702478,1.4500875801890913,2.820355448462442,0
-1.5683316351980257,-1.1663260639651754,0.6301943163007022,-0.16987705901817832,0.2770022848678565,1.4330209043961992,2.342265354471108,0.626993261236198,0.5868491071620285,-0.6092598123100548,1
-0.26157027219317186,-0.711779551593977,0.45758716243229913,0.4126686521435085,0.14102964632194515,1.2237407223902328,0.011948051920845248,-0.19082215650691103,1.796956399891675,0.736045886565972,0
1.34803475555935,-1.0111202306557217,-0.1429075444609632,1.5500590536214554,-0.0004148924762283901,-0.8589108756870596,0.9110411734481778,-0.7311303261867679,-0.4052745905402968,-2.6969648912425583,1
-1.2828693129495787,-2.22545592195236,-0.9015849992794406,0.7778529420324769,-0.4452861500303331,0.23178538960790562,3.2324415788918275,-1.7224615611567309,-0.05253580039360872,-0.48928979290542607,0
-4.708395634154113,-1.607467646669888,-3.211872255170123,1.3142815790871527,-0.22715980798775337,2.5125683830681877,-0.22285040952084367,0.4916054403889678,1.0919944483823603,0.5255728367936264,0
-1.664686556486466,-0.5526458542405965,-0.3846316071554208,0.858712405815314,0.7599377947332452,1.0557174774432065,1.7584172922061327,0.4597758449603806,-0.9687253050999755,-0.06703687531552416,1
-3.388105092404181,-0.4837060601109329,0.2223981980266454,-0.5597597597225359,-3.569562164656414,-0.35656722789452444,0.8587007482439181,2.011105779291832,2.311538378172456,-1.9654422205215751,0
-3.0116498524078734,2.0122691387079494,0.12071459157072661,0.7791312218875215,-3.3379078593189515,0.5658458950174918,0.8609571274435441,-0.547096638343424,-0.989914098855281,0.6497908015318832,0
-4.787593953802901,0.4986011519510582,-4.262833101307313,0.39057313881325656,1.9950403334380207,0.785711236281165,0.35401212222604683,1.1039312017519305,-4.421764921553243,3.2562101832622403,1
-2.3317287457729488,0.0015323406883702502,-1.114383973220957,0.46592102129723084,-2.255675171555276,-0.11371259269381273,-0.2967865119094073,0.14331501017382609,0.774088418063746,-0.2209815423578272,0
-4.719669447934678,0.42717618769743604,-2.7956356732008762,-0.6439016454725994,2.10788282008182,0.8930080596583716,-0.2894586217795887,3.3301708758910635,-2.426836559160537,2.9220335963455684,1
-1.1394865123883202,1.179070870606202,-0.47625877947204887,0.9537520655858005,-0.4922000552843173,2.5935563090106526,-0.2880851381141367,-2.0389499254879393,-0.7692810943513511,1.1051844467343719,0
-2.1581776352264264,0.3351907946771093,-0.8096238792906449,1.1924715431399304,-2.5467949552801086,-0.5323704213885088,0.39733028050976704,-0.48627058459938866,0.13716172540025617,0.5187519809540458,0
-3.0396025133397857,-2.108062996231346,0.5074863351460772,-0.059799262028206124,-2.345713268361074,3.3647463101188824,3.343017782710622,-1.6803727779234046,2.7149633127175092,-1.8561059118626453,1
-4.012780199834017,-3.2528260304517382,-0.7777552397107399,0.6671273636680194,-3.2927105399412255,3.089761284102935,4.199514844819733,-2.6187344971680795,2.8545721097442853,-2.7296168085693244,1
-2.8690539734519374,-1.359807476128534,-0.9197518590121829,-1.3286396483880927,-1.5098471306682806,1.0853898419936925,2.435118924948992,-0.7494921005689006,0.36801272229069004,-0.8075970330230342,0
-5.9482294714687045,-2.903518103596763,-3.6655113515440765,0.3979893024642597,0.5921220789389143,3.359429072297781,2.6391544357076366,-0.5622664034143625,0.18257723420584238,1.543270424231846,0
-0.3941470533243894,-1.0157870742489412,-2.951523506091722,3.317582990798635,0.6172147932250991,0.7016779263769533,-2.658436820220783,-0.6122005263403131,0.7348599944324784,-0.6247852683730669,1
-0.2056194630994798,-1.4475678184018854,-1.589731792128515,-0.8480028581515766,-0.049311880377685524,0.3998624617046719,-0.6580927185867878,-1.465493148069594,1.3634324853388642,0.5469011090047375,0
-3.1592116304205735,0.5425650629615077,-1.8279611564897413,-0.718764228953969,0.3757125223657959,2.786891119317536,1.6586349302268029,-1.9062459738531752,-2.6786736151431914,2.0349382771731133,1
-3.575066882531916,0.9356911569017945,-1.5621962912709326,-0.37302344951017175,1.7524563090872625,1.6287723398068092,0.10309701367074975,2.2675942662408217,-2.4155210475458375,2.013386271263638,1
-2.3759714644935244,-0.9076065173266394,-0.5012776291258985,-1.9245484407660802,-0.1600528316076495,0.8902718947460413,-0.01760564749734872,2.011260339884524,1.5458502046434526,-0.37359516721164665,1
2.204764517897477,-1.5716005624870242,2.709170340132181,0.09592371579929183,-1.8038570893558363,-0.8987332977092402,-0.08544749293416232,-0.7575074562179727,5.400999483551407,0.8414131665794458,1
-2.196366115402746,-0.2981499582749964,-2.360390712715912,-0.5249485431770329,-0.9025657520325217,0.7992170954122293,-0.7193686733933571,-1.2701192634641019,0.0982383910885738,1.4141944843793977,0
-3.8872183697136893,0.15861365467504626,-3.3537343606914782,0.47958184448812924,1.0895038816653426,1.7586482806516526,2.319324817106824,-1.5782838842771802,-4.5800869279565335,1.9927889480381404,1
-2.2912197403810564,-1.2452734830796914,-1.8851419840795134,-0.5858859928379201,-1.2373308250953365,0.775671292400125,-0.46572679737318534,-0.589568748622068,1.7446532321687003,0.5492869545643537,0
-6.669631664901452,-0.018089381795986872,-2.471223720373996,-0.7286537063857078,-1.2866345684824085,2.1206396914812453,-0.10587795256436894,2.1314941685021713,0.7168894089856321,2.8242824147750305,0
-1.8825530704243978,-0.6212357531321175,-0.48030207774529454,-0.6203704202686086,1.540576594611991,0.03507628301617571,0.10373849491387721,2.9630492782192883,0.18788863611989282,1.1165126103563374,1
-3.739214901320619,-5.054678437858299,-3.287164771758879,0.5160905591056184,0.5357823208080592,1.2554163834206404,3.751018925057546,-1.1288685238637912,1.515690616465226,-0.36262326246862986,0
-1.399540399969062,1.1366875585298128,-1.5684492844770968,-1.093899290086807,3.202857531205161,-0.22683442710262391,-0.753027904053976,2.301528944203559,-3.26256065867711,3.3582453371492873,1
-0.343278367659089,-1.613816105832603,-0.8830530096555375,0.28762806159555915,-0.5614697774987805,0.3507946332782407,3.096888612356039,-2.423861704801913,-1.2723181124234384,-2.435917008762312,0
-8.0953640073507,-3.5432867927009175,-3.957810977579051,-1.0401041022221145,-1.9625633797697235,1.401074674128597,2.5705534570514637,1.493469584972091,2.270785742882924,1.3024614506575651,0
-4.8057240216698744,2.05517643127603,-0.6350297245258958,-1.0787690494641158,-1.4937637912612864,0.9276472107751798,0.35020201815340046,2.174733676287978,-1.5357875400234438,2.1608208757799203,0
-4.781546067197302,0.8955590045858025,-1.7264948342327444,-1.5319848702596703,-1.4662935409889322,2.7997860716499,0.7555138010349064,-0.4915299061679689,-1.1056089018390438,1.4081599663892987,0
-0.8211366925464766,1.178986770881948,0.4816404079314831,0.8162047350565086,-1.1666923738510797,0.2689145022315559,2.062866265960965,-1.6854092173761728,-2.0701334528816235,1.008203415396933,0
-3.6450558833156372,-0.4640489733825058,-2.515344105390268,0.8460677117282689,2.2874793621032987,-0.7271524532302063,-0.3721339007151152,4.452151863433812,-1.6436304602753269,1.5438609563829533,1
1.5920367294934639,-0.5179297978781374,0.9079831216179792,-0.3181686430612376,-1.113029593446477,0.3740283492908911,-0.45468390080969323,-0.7562618251965934,1.7273026750002618,-3.323389399057627,1
7.54119512913197,-3.1994011330426098,-0.7790002149820658,-0.47018550934963393,3.934207210866336,-3.5519338620831564,-1.874940590647423,-2.1245943475594795,1.0233686157940844,-1.2349530644831477,1
-8.060455657522741,-2.916089248769183,-4.0153718386486945,-0.8021913466081754,-0.5698008293964708,3.021358961141925,0.6528062988866755,2.118785010069206,2.796050633858993,2.5513386420076456,0
-4.1241854837160865,0.33181020904909914,-2.1637563545570746,0.5378445980076727,-0.7191686954426898,2.230319553366731,0.22135405428570076,0.04732407867296273,-1.000280935631879,0.6388962664980815,0
2.439225876716481,1.0287551910427328,3.3407898198213664,-1.4677238013284057,0.5100341246887563,-1.070453675683647,1.1197083430321502,0.21335811185114228,0.15240823791181846,2.08340276113529,0
0.6891228867242974,0.5759584880403275,0.07856431800245889,-1.5213476472910896,4.887567657188375,-2.3922473971360674,-1.4150410428288627,5.257487291055163,-1.9142471946953865,3.564699844177328,1
1.1697516267718882,0.15397782952107653,0.1476249103787457,0.6494907560222976,1.943967389633006,-0.17917217367771898,0.7790307686941851,-0.588131318936953,-1.7880852251913715,1.4555593634750348,1
-2.57321746439262,0.5425620637612609,-1.045775658369143,0.1246064423859309,-0.4055162946342874,1.3246290764939221,1.7009228732651516,-0.9907218136941597,-2.0947337269450355,1.178983735148822,0
1.7205023898946445,-1.4533865055778346,1.0795945069105768,0.9118272037285169,-0.7409828616752812,-1.0701203543306212,1.5308665961682686,-0.4084938266330267,0.9996667816232242,-3.458998144763396,1
-3.6274665759409,0.7793682567494145,-1.1460064573059006,0.7925750927467968,1.8956503432681737,1.787989541902128,0.4454195252601546,2.514425111354031,-2.0797660408442358,2.23461257556752,1
-4.324523196631607,0.1659446960156135,-1.5489421981537888,-2.326498368576001,0.17419777607906817,2.5776861634332233,0.6582686962987685,1.0434651162623834,-0.783070267284724,1.2556559151315057,1
-0.9624782617053588,0.8892771310611116,0.7303990694265421,0.12988699252426628,-1.1583629841731728,-0.9496362272861141,-1.6638605562619402,3.0475577304956265,1.4754407737990813,-0.3328587597850132,0
-3.88585598859882,-1.609057437799704,-1.9326786094704573,-1.059099336294499,-1.6661084487804412,-0.9804734663864034,1.607650388648616,1.6015456834157056,0.44457000753998943,-0.6691048726620021,0
3.1561435228164907,-3.8260218058842175,-1.462092815894624,0.7332569271249132,1.5849355534134961,-4.366042413875985,0.6497854703427877,-1.0960622881644841,1.4486954446085212,1.0220892677228988,1
-7.635666600880109,0.4475635924233091,-2.244489864636761,-0.4134056353784195,-2.212024575302971,1.4009382097205836,-0.9638444236158108,3.610706521504545,1.7517512592842448,3.7984286370726648,0
7.830181026744338,-1.0060684811547413,3.2150210435539384,0.4742277735673192,1.4927757087684634,-1.9754288685007864,-1.3835894066860146,-1.0650287044155315,2.258439767181721,-4.055009050164988,1
-4.964966642207659,-1.1706187884236643,-2.0205621391681907,1.6162660701891032,-1.13656017268403,3.341664568839598,2.508570412997201,-1.6489473888830695,0.003859764661138243,1.3330730398057022,1
-4.589761462933013,0.44772282478858894,-3.595044265567855,0.8746543051845657,1.2894707111267607,1.6556847401760608,0.6572978384370533,0.02187736570918808,-3.50167856032074,3.2594654128106364,1
-2.101800580765948,-5.751147180303964,-2.4785932410021965,-1.982165604140507,0.6506688648864056,1.4157174336625324,2.391802091605471,-1.7670164698844308,4.316805523891316,0.7638289448693429,0
2.126606728015442,0.5027042782048897,-0.5691670988475107,-0.371130724120911,0.4210483375771723,0.7256519387364964,-3.663083852462647,-1.0239911216427922,1.323676121099368,-0.41948766592743547,1
0.4085694872492148,0.956283136524441,-0.03586932156720313,1.0432235616043375,-1.7024663655546972,-2.5776290751914903,1.2496807811465944,-1.1962168014429317,-2.146070243316412,0.3737482537618442,0
-1.1492813467762413,1.191508849310035,0.31898505433359725,-0.8807491278291092,-1.4147286879049865,0.29610913973219233,1.2715607413325496,-0.7353841210311675,-1.5187168159904827,-0.0005439244666838317,0
1.8613010901607785,-2.021443335522683,-2.1903057133811794,0.010577530822248776,1.0609231184802967,-2.267176002589124,-0.39593502197550945,-1.0501434498820672,-0.44835682411631095,-1.3769570378559663,1
4.432213895480753,-3.041506096693721,-1.7907056696815273,-0.6571308915430863,3.4594007310081145,-0.23757289604605258,-3.197283750644669,-1.0210920451943946,2.3172211161757996,-2.2466432854040814,1
-3.328225344261384,0.39367115717778606,-0.2106823481348593,1.5215245657600815,-4.229448510161261,-0.9667787822731433,0.47344328816738324,1.000593525191388,1.3861625437086444,-0.7338871703286003,0
-1.7556152605665407,0.279881852000749,-1.0047561944825627,-0.14174699680728078,4.069199561812228,-1.5088630671362675,-1.3481523606476675,5.833383752014467,-1.508484774531805,3.440400019179996,1
-4.446906403337964,-0.1997395555670029,-2.399815141390201,-0.2941457015961024,1.2981141199728496,0.6164717697170243,-0.8162665308193473,3.7162454999800576,-0.5221589464821128,2.0339788636377913,1
-3.7003381554452734,-3.4236654690918855,-2.027019291739788,-0.5855664082387176,-1.5925749534629707,2.186834423298292,1.744303386529321,-1.343201288760461,3.4173896993638913,-0.18566898604642823,0
2.396656183979643,-0.09880506783977275,-0.7035369298104805,-2.0392700315754855,1.6951627823666273,0.51418202735767,-1.3383890138012553,-1.9468370432641626,-0.6503143388079347,0.06401773107162145,1
-2.193436689573553,2.2527799138872275,0.776619158097142,0.4483200106755244,-1.3983585257293853,2.951408250796447,1.2050622062878038,-1.4280616536080064,-1.719546496015735,0.8102813137356882,0
-1.3355533119160905,-0.86519843282897,-0.5570257584540927,0.8121147921827788,1.017183297704186,0.14952839412541585,0.9018384253089964,1.2827232351353,-0.1989720885760239,0.4366681623380565,1
-4.2534161251879095,-0.5752160927437426,-2.413326129671728,-0.12120481394747487,-1.8564776771841247,1.4612872685271043,-0.041476999764090916,-0.40741921746862464,0.8871148358376433,1.3073228089098181,0
-3.1649808853068495,1.8597423718522688,0.5457517269466152,-0.7129259485825813,-0.6339170250359666,2.114133689006649,0.6600625824349194,0.6851484513289352,-0.8468962967471063,2.8618375386213737,0
-2.106594202652985,-0.08983954025974362,-1.1014601016240586,-0.21175575785098677,-1.1070513169067926,-1.795943289435129,3.328348188797526,-0.9111760867793932,-2.9167711227531417,1.4844656196479973,0
3.883608310049323,-1.048796047606485,0.3591983354770789,-1.9803391947521243,1.5274909987676406,-0.033278068361145,-2.685580662771655,-1.2688531811416628,2.5983919925240357,-0.013574333175120468,1
-7.004751423700909,-1.13036422880053,-3.6035488018578596,-0.12131878680949801,-2.3816075803593373,-0.4120431003846776,2.6366296364201354,1.9284098631191116,-1.642388629698651,-0.7312432499008921,0
3.8343715780305887,-0.5732095337908037,-1.0295975497810623,0.46703329754846307,2.0319445547854436,-1.0763956412085882,-2.3526481168318902,-1.8112100982477706,-0.15546415088209486,0.0503971376316088,1
-4.373806895558231,-1.0699339366299727,-3.0549061553367727,-0.6460308328228046,-0.11924550338016093,1.7029436040028898,2.1868262665994163,-1.01491170580347,-1.84455625931544,1.0655564447568102,1
-2.296909085997602,1.0162630104885846,-0.09503465677785683,0.390382064097336,0.7305384221017559,1.063861520679404,4.410290413627264,-0.9661264623360473,-4.949388674243023,1.0798966007877053,0
1.20559952688638,-2.2734723965449413,-2.295182443120956,-0.7899341772818036,1.0877474451266287,-0.7384097563568834,-1.1893954886889442,-0.5999587798773853,0.76355751808671,-2.2594051694677804,0
-0.8740670651945597,-0.7349846120660638,-0.32728506763430043,1.5181042303951373,-0.2734006763300907,-0.6126070822115348,2.4795171459799654,-0.7321651193327374,-1.1695083253249052,0.3119948645301275,0
-4.379728894264045,-0.2796205812240928,-0.0389757529072271,-0.8253827372112087,-1.0327501796010403,2.962843942191328,-1.068606664695257,1.745031489103321,4.008366909379879,3.8576696789351894,0
-1.6685450689448706,-3.6799941226491177,-2.6226967980544873,0.5024820823779017,-0.16933430822650475,0.7297621864456947,2.07802657544282,-1.874222051087287,1.2295699069180899,-1.642286689342289,0
-0.6513932667779967,0.6326603069047899,-0.0760445570715148,0.4488166414005254,3.923470309568991,-0.12924279355932855,1.5791719788243528,2.3472188835212924,-3.805605948350975,2.4946655479437396,1
-3.7087477530194484,-1.5019636144217001,-1.363063771896076,-0.41233197669905614,-0.9042050408713861,0.40970646376687003,0.12116990556450746,1.7917002099369448,2.3595656238771188,1.4978098332072607,0
-0.21020518377368813,-1.1937185201271066,-0.25818736806342557,1.4124959732537934,0.2231154508788027,0.5319387730065804,2.2109360877,-1.5285918042711826,-0.5139566171427012,-0.3438076533640053,0
4.165953791788201,-1.5919231214575127,0.6469166858192821,0.5615484635362338,0.4595295342636133,-1.7037618097805203,-0.4096012375633734,-1.401710310516926,1.3503117926997703,-2.780003676443773,1
-1.8617709622035012,-0.841613071508816,-0.7729878401736348,-0.11315173431103208,1.0687233783743317,1.0463576314408434,2.572297653070307,-0.2967305788039307,-1.6147372626127083,0.7837439197716024,1
2.603457521010075,0.21006510178069962,0.09993557604130165,0.9712934794027097,3.5665715339315933,-3.0529466593216217,-1.4554142708831157,3.0313042889455515,-1.623599056961341,1.1851170479881454,1
3.2637165207197922,-1.792418158329825,-3.1845648962571156,0.08782111485379064,3.3060880141937057,-1.5446319221472162,-2.307425003572433,-2.3390546939872956,-0.892218350757157,1.4061253783433876,1
-0.12143571625804805,-0.02279559715808129,-1.4598942524436342,-2.67762826396075,1.1697826020769642,-0.13573133892084455,0.23342889703247294,-1.0580078207948285,-1.929104955182051,1.4662715189914008,1
-1.858619216403069,-0.02019167870086337,0.3786115730535249,0.8268120403069148,2.37623933326034,0.5638759686769481,1.4649425519237764,3.549662297910692,-1.5474810096828548,0.1783095227310797,1
-0.2121589631046918,0.8385532942991809,1.3310110843111995,0.9859258170877873,2.680196889052474,0.081296285639062,-0.5112921411709952,4.282912642802079,-0.6577838536804014,0.5234686696569792,1
-3.757096810397891,-0.07592922726328032,-1.9095947314317514,-0.5017757504086257,1.1036475287305463,1.2558597750847262,0.6243087155493179,1.8359075198681847,-1.5565005301458892,1.3942457220871773,1
-4.482827943044715,-0.20561767153491226,-3.7160241010209467,-0.29440126648216086,0.7294628209614435,1.078211936622245,0.2884696318674135,0.3770409575724729,-2.3318045142478443,2.4430867627710446,1
-9.47820945038937,0.16721385962596738,-2.7861588162988857,0.10493537361339628,-2.9337066346163545,1.7937411138816497,4.610814538793109,1.9659113884321833,-3.1318017694365654,-0.0309411691811734,0
0.28508232098903313,-1.040499440069767,-0.8294869730062824,-1.3448553756667057,-0.8488610684474597,-1.3970148289479076,0.8492002990146299,-1.8233378216044893,0.2515463804750879,1.0708145154302877,0
-5.010902559973926,-1.245684063140228,-2.0498425678691383,1.6458229332184187,-0.28072406827944274,2.4366951917797746,1.8426924641575342,0.23635303632610227,0.17818074461509248,1.8052990039118086,1
0.5342801978479298,-3.981829983242428,-3.487652884694621,1.1669987916363687,1.2061210101156719,-3.1123952858072172,0.10839923092204606,-1.1703821586883518,1.2933212386326969,1.702799698413525,1
-3.157049937207191,0.8263655892843889,-0.30339953007066445,-0.35182079661412413,-2.534506495799743,0.14999924254239227,1.2831748280871138,0.4770452171756905,-0.6657233007867694,-0.2745654368787167,0
-4.635090949338861,-0.9264875173338013,-1.7302361652318852,-0.5617313624686949,-0.6686675669599913,0.6185780083387762,1.6441805905496858,1.622671494448753,-0.12382122536767648,1.1078465243927575,0
-0.5155318501769235,-0.041514778307494525,-0.5808880606628446,0.6424703761132661,3.032585648710393,-0.6998709270413206,0.9328185788163417,2.0248042475042,-2.535233302911675,1.8968590486402777,1
1.4804999049875647,-1.4347424401682003,0.22872053787763913,-1.0338892010231215,-1.4139963640908895,-1.9505305052115118,0.6139302280812706,-0.7171355028970744,1.3815144105470278,-2.3807569721344146,1
-1.5693750259900956,-5.518052487672998,-2.476725771109635,-1.2520333782403401,0.6796506530045996,1.6109609646160032,5.494159531526784,-3.9394544355525305,0.70306404220457,-1.6949449079279888,0
1.1889759222856897,-0.9539764291591344,-0.09400177487848627,0.38486984776771416,0.9075810417079746,-1.1960846827587996,1.2847645255725226,-0.2488450768791184,-0.9613252181753489,-1.0345942140647644,0
4.593486934817203,-2.0989855950279375,-0.5625832378097391,-0.8265104959676501,1.6482865608435153,-0.5686496275293849,-4.1242422665803,-1.1879576072425282,4.018102876651367,-0.9420850053033345,1
-1.8206692476794517,1.1389432283259109,-0.5194340614860744,-1.7095612249690877,-3.3238792075689747,-1.7090838875274215,0.14051670403794836,-0.070035054976062,-0.5005045454874187,-0.023178667335848724,0
-3.9545992248069055,-0.6948122601393425,-2.629700203016892,-0.09602969659766564,-0.7022766007853254,2.6628158597367033,2.530764028136333,-2.7200889042599083,-1.915644696418559,1.038818966952181,1
0.6181667588789543,-0.5047198822833948,1.0396350899911506,1.1180153687929149,0.5012955549126492,1.430068736311603,-1.324444041656185,-0.4611425505696225,3.2959646730105825,2.9702862757118815,0
0.3056891775601294,0.11636719152310993,2.277343861257254,0.53636445687189,-0.9410529762635285,0.11471392349018605,0.5453728271241054,0.17248667299413645,2.3108163262514725,1.7944179515565348,0
0.21577360378329527,0.38581476762492833,-1.671125723960973,0.3433639012966413,-1.5642181837248343,-1.1841860021930248,-1.0762428580645573,-2.7906447768554044,-0.3316110459497619,2.1401933086527034,0
-1.3300586208655958,0.2725632843792609,-0.6675771485747439,0.09250161761369259,-2.654368477820573,-1.840855736833333,0.160656563939357,0.06812231871107954,0.06569687375089073,-0.3438174209521938,0
-13.255674827646562,-0.6123633484748695,-6.421036129081428,-0.16100684400460166,-2.1646275486628093,4.2804365040901455,1.9376527861856605,2.877930823677802,-2.0079357676744674,1.578500530573212,0
-6.114751269732443,-1.2913580003763958,-3.3016079881937,-1.3246345144753977,-2.2624027194070813,3.438879524072416,1.2624557985746867,-1.7051787835621695,0.8293733830152694,1.0781241827099728,1
-4.121713214669445,-1.6684689542593836,-1.895040469932586,-0.4840293369091388,-1.264533988055652,0.32908138810305965,1.7968869770390938,1.2286490345384702,0.42565965075740464,-0.9733215616087352,0
4.589138498449384,-1.2391911964713738,0.5699072483048739,0.5536758217385007,1.4917294616008694,-1.6280952766407442,-0.341592890847194,-1.085625443301002,0.017896871338601072,-3.2628700864479154,1
-3.927732253807059,-1.4814917506056373,-2.5013038493960797,-1.0740082194651024,-0.6369289420888471,1.34053807161083,1.5742249535065855,-0.31449762909608636,-0.21957146209450806,0.19564603582424145,1
-2.0036401977952947,-0.6322735216129152,-0.8895812469678486,-1.3732562163628121,-1.4463253733146186,-1.1567617575203646,1.6283275467452136,0.2786549721475089,-0.4468133958222108,-0.164971306036926,0
0.9724125386825971,-1.174464510648067,1.0966588768104764,-0.3916851781606627,-0.7772680875737565,0.7587180135794449,0.34780117741729555,-0.1126108006157035,2.1531649216340503,-3.5296456654850905,1
-8.0468000069179,0.9985495502181804,-1.3508107645210503,0.28332171979428183,-2.982843699720263,0.5568865474629282,-0.3065671799546965,5.191200302498351,1.324205109419239,2.345590811201,0
3.965670961629821,-2.6636065355576983,-0.5453974832028776,0.5538924002528985,1.8827227203213188,-1.9822764238722066,-0.7827717496029767,-1.4351121438394745,1.760446462171051,-0.42158134805565317,1
0.11474141761768349,-1.3562150556189672,-2.639730928104851,0.20512397585982117,-1.55080871379683,-2.9328561114658083,-0.7494569252480187,0.09899019579376711,-0.4186886618574637,-4.0858284305918335,1
-1.990894071762912,-0.8869853368495362,-0.18759216647345733,0.3849743754339873,-1.5686603267299537,-0.13703469884016228,0.34964479762641687,0.9366078745122937,2.0364504492340583,0.1757255116506251,0
-3.634739563680689,-1.1130863050552533,-1.7834077624153353,0.9978192144097703,0.6767866534646803,1.6705344334655146,2.3594982720706397,-0.30214576850358954,-1.0750197637345147,2.158461614150255,1
-2.00639454017135,0.06606662691608291,-0.9077210627040817,0.30579691845099566,-1.4744644556398898,1.5079861753839308,0.17737614484218245,-1.6921165444022164,0.5786204901272163,1.4996085883379786,0
-2.0224736096319313,-1.2261703724777573,-1.433342473071651,-1.4199544720110575,1.4937305901139293,-0.505894183945675,0.736132454305497,2.035343754363398,-0.4401516340420285,1.2650087834695196,1
-3.822992189407826,1.9214970257754111,0.14324054320751656,0.3003801098593476,-0.6372344351720565,1.6961791977746794,0.04868313988145312,1.9011283169409192,-0.7217949228017351,2.7997332305048057,0
-5.081639663165135,0.8852698077919379,0.2934042410275992,0.6674836094322517,-0.9392020468321635,3.6443272751843705,1.4129493093414913,0.29423749630990326,0.8322099597051,4.74948059552626,0
-1.8921795555957546,0.18759983838810776,-0.14694738758044357,-0.44476623265611975,0.15290897299838102,1.8861428456463991,-0.13084829086191174,-0.14359600449840193,0.9023555537558071,3.0052086993212703,0
-3.388700391613483,-1.8140882752294392,-2.5646409589334356,-0.47807990336991524,-3.1418630202532514,-1.2926086035075839,0.2003873056151435,0.14738802282168395,1.9421487046159318,-0.7011121551696187,1
-0.5624941393201779,-0.41379183082596416,-0.026153666155010136,-0.5425853073235959,1.0935197698563415,-0.2902478705939471,-0.07915773268682891,2.325380245500294,0.06635315920201279,-0.5912303926399933,1
3.8622120914299556,-3.056760529645387,-1.049123023066416,0.2905341133500827,1.3209390506179206,-3.248685539534466,-0.45465226439043616,-0.7869608853521244,1.2982484222429043,-2.338737014992981,1
6.026359897971412,-2.52495810828573,1.354502319994023,0.10707450329878901,2.2079156499184265,-3.445121601756129,0.7017217605979367,-2.000380247130323,1.419248488484129,0.7313678957730001,1
-1.2198991498235352,1.8299383887500138,0.22078842050437486,-0.3073649645717757,-0.38965535381980576,2.4324275651607934,0.9993545548780229,-1.8927672911816942,-2.243387189542571,1.0483666521942157,0
-0.9821085512329313,-3.4500776339544657,-2.312179155295942,-0.5092958394005804,-0.4952453208921963,-1.584898265036831,0.8992731244331469,-0.0931314880537778,1.8964898716106156,-1.378986296099211,1
3.1170327868540153,-0.17088828945446455,0.5762833938096401,0.9251241851217942,0.8325564150411131,0.8594395465316038,-2.4531020484660324,-1.385625307665287,1.87742856358404,-0.7761710652992048,1
-2.5185359027949517,0.2730077925495371,-2.620507524541524,-0.4321785094956631,1.4299288334965683,0.2862971712322281,-0.1146129665945268,0.7848850568914418,-2.644455850847575,1.7904639614564477,1
5.90193145545105,-0.9463815159418874,2.6948454030958144,-2.3696139957477165,0.4993136661047025,-1.6586155902477082,0.2697171829538527,-1.3408369403558842,1.13513692331078,-4.360198692169185,1
-5.906570980305722,-0.5757428450700829,-2.8820501463026376,1.90485536226178,-0.4948166758016932,3.1302644029020845,1.9465943355283115,-0.3576542911978209,-1.3232674820320711,1.4837317449673888,1
1.6386457791541318,-3.8518725101731803,-1.9824084780023847,0.0921266123359036,2.203792026368589,2.178117867311573,-0.21356601540151443,-3.935538222937513,2.9128762363663077,1.0243062938456065,0
-6.881472172477562,0.7099686101000232,-1.6121800108978173,-0.47082539457472544,-2.447903755198709,1.9074690105941217,1.0930399754179638,1.8765032780472661,-0.11700345473409257,1.957341939754701,0
-2.30198637397895,0.2817792160360625,-0.1384663504331034,-1.296408304090372,2.602381745900371,0.5214528527095318,0.7324675036131789,3.9214299726343036,-1.7032695955767871,1.0911489395095462,1
-1.9781153954452868,-1.6937842156445937,-0.8433328828000254,0.08595166062806185,-0.9927283487460621,2.0511616897738474,3.9250056377592792,-3.086124984423252,-0.7400684464810525,-1.1172710909064234,1
-2.3982947420301346,-1.2267146094101193,0.01135096591361573,-0.8404859714511935,-1.0419584790228043,2.4418627819246757,2.516868587835031,-0.9612044429209958,0.8523255200865807,-1.1211397759507165,1
5.320856870010298,-1.8350432173119202,-0.17643977235860497,-1.3014406757433612,2.302665360835907,-1.7862965576752552,-1.4757981622332095,-1.383457036835872,0.6641046832005104,-2.6458800425847553,1
-2.8005254835812345,0.6536742866928422,0.13782300296563554,2.0996192259501645,-2.5442368348077125,1.8202878831329405,2.143742925283081,-1.0951256109515741,-0.7102141242318447,-1.2994049681947817,0
-1.369891161026219,-1.5432332359352108,0.9645372474090503,0.1311565142786541,-1.1830125799843083,1.6311393997047106,1.7653181023248141,0.3893721632243159,2.3809775185192232,-2.411243318439849,1
-0.2519932201112901,1.099756673075851,-0.11818531824451273,1.214712092260623,3.254077101012052,-1.0092212802662504,-1.7783779474370056,4.528813992081493,-1.5989074668714807,1.6704993235568388,1
3.623100089727205,-1.5607708164665133,-2.496467782548459,-0.07359660005779746,3.816997726506328,-1.2258701420715858,-1.4192683411270806,-1.2267483637745618,-2.202713390582854,-1.9039603407354173,1
2.259224702635162,-1.4630201667189522,-2.0978700122438836,0.2660494363723319,1.3810856602348311,-0.7572658658188395,-2.1482034598231756,-0.7903498530801176,0.17750633935642135,-2.6380851250213695,1
1.4304854436018641,-2.5489259419480956,0.2972235751088961,1.2603710880638435,1.3933208007013298,0.48346172548153565,2.047092543938986,-2.4579565103777767,1.5439739102245627,1.7979518353964161,0
-0.41967725790461047,-1.4480082273309482,0.13580805404537322,-0.08042189836282479,0.009643515723070872,-0.04055782741448155,0.918914075282915,0.7999059004111642,1.2815195177669372,-1.2449522316765305,1
0.6292626442850943,-0.12715975500974958,-1.748499720385848,-0.8350077371559078,-0.05977197349714425,0.13394027976130385,-0.7740524255016004,-3.4221906457021345,-0.4893033155585924,2.5030061489927684,0
-2.890226075883264,-0.8832071683240057,-0.5624928698079514,-1.5621476513906198,-0.070063140926797,1.0716753577383316,0.42206972861695824,1.178864950566624,1.6506048883001738,2.4193833488924095,0
-2.2523398090380837,-2.2325125137261645,-4.640062348785152,1.8504185141545253,1.5282102120930778,0.05731856759087495,-1.3130339452757835,-0.397982376580142,-0.07339941881845458,1.7995722501605962,1
5.322568106056484,-0.12351712884969383,-0.43133257804159164,-0.8306307431953541,4.374120792846327,2.548683849240257,-4.818192164566049,-2.1365172148852825,1.0143192784430513,-0.3208520528526325,1
-5.740717502315604,0.970461736677882,-1.6364089520367373,-1.7973437682032223,-2.7261191542657155,0.006281253070512527,-2.000729580864503,4.241670862643495,1.5849492531615632,0.8681963828267644,0
1.4192303844742904,-3.655322825498347,-1.7793800800175217,0.3485313695626106,-0.7547493288818361,-4.575350456206687,0.7427082333230268,-0.1609832002336372,1.8594355811596703,-1.739818535316704,1
-4.9942379998178055,2.1809017206581394,-0.3499136644262124,0.5139517590915159,-4.491213971786939,2.1381910714342798,-0.9870417644029479,0.838837931085693,1.0834852420847039,-0.2691126131070254,0
-3.784685847717729,-0.08583817386586041,-1.4262194761971005,-0.10601215319343728,-2.367552116388752,0.3202015702225265,0.02003640754679048,1.2287462006900278,0.6939823041741431,-0.6807783408327976,0
-3.261070452070114,-1.6880702119216786,-2.6891527349331232,-1.4897928050005884,0.23535503742589015,1.0352374950321532,1.473009723375946,-0.23395168441456504,-0.6691193398664002,0.12301605440204866,0
-4.590625251527344,0.7535259518441532,0.00684730533922262,1.8936080344286903,-2.1184056847205857,1.5339623293277516,-0.08372120157259255,2.00557516601231,1.7553678055447377,2.289383648281421,0
-4.0982605562542895,-5.322981849160441,-4.174230006444818,1.1445101296846625,0.6511495941714549,0.017511246404763314,1.9393077296041636,0.2335652814335989,2.711790200005486,1.1373376630574858,0
-1.5229461102644284,-0.8877224021447985,0.5935133539895892,0.20958951225131564,-0.4936478815025134,1.493468425425115,0.8378799341340271,-0.4025569003395415,2.417059753691136,2.5344061734706167,0
0.9076581199222802,-0.6674166751783508,1.416184564463526,0.265609202912781,0.8641402406802607,-0.07309820303921066,1.9016393979749942,-0.6420263292225783,0.31771788543156665,1.7434540850496072,0
-4.365061779725875,-4.432687510344846,-3.8288495866193903,0.6229139096991922,-0.013288424975052449,1.7710099376756485,-0.8312154846753415,0.6599326422639572,4.961445500337822,1.4103879647592186,0
0.7874224153457744,-1.6242940257442304,2.6931829237685694,-0.20135917209876447,1.4782918698767573,-0.1640868397585007,3.081736034737994,2.5866275680555075,0.8566122472160638,-2.5611779721257113,1
-1.7626407057290603,-1.2212744292175233,-0.6320634200362572,0.8753560773458001,-1.601015021190411,2.512652474018418,2.7010027344898866,-3.3786728480278665,0.25255837240203194,-0.8405643865409842,1
-1.600335204785936,0.5220851746330358,-1.4953572130214854,2.3225658794280273,1.9761323425611887,0.0014751604649739791,-0.6035970005132794,1.8850656153370822,-1.9911713636193176,1.8654942690728806,1
-0.5906705856187674,-1.3671049722003756,0.453576029233304,2.6579218931851316,0.1651232125290477,0.7949067103947824,2.680284472166106,-0.33537979079017277,-0.023945783299032408,-1.4967781792420567,1
1.7603700845068544,1.7732204532397173,1.124537924374983,0.04539094466742414,-1.2865940820936363,-1.3012604320162513,1.6527277180575835,-3.265984226647603,-2.613087584328003,1.6991293096723274,0
-1.3525435295407906,-0.8223587442367462,-0.4885045866448423,-0.7771450251773654,1.7051745809274441,-0.4273086361859162,0.02880031422030649,2.7397988766029915,0.3120477859898454,1.443595742212712,1
4.767450395321427,-1.525597679973141,-1.0176331251637252,0.7665634013134599,2.9908166829854927,-0.09331533550000781,-3.308651111284168,-2.7054216693486777,1.8134096723215618,1.494500487491294,1
-0.3224770164365325,0.320338288379096,0.8303161722923738,0.07662113501750062,-2.2080927542958353,-0.5736781960160448,1.7246072742959542,-0.535342573697636,-0.5166538637957652,-2.4069483175519224,1
-1.746954417858779,-0.22159221519681052,-0.4349346162720866,-0.8474503170006997,-0.17026449237199504,1.1247271544285633,1.8096875069818963,-0.6532550916469508,-0.9711175324135398,0.3508470747070169,0
-3.006202537667004,-1.2566854542597798,-2.236240765091873,0.29222322852598326,0.1919245086787389,1.9693021040938619,0.8208541640090421,-0.9209650891596726,0.05996211899679804,1.3072744985919647,0
-2.7885059074883936,-1.730426784177183,-0.6706551495195843,2.3284547229364607,0.028103652722137884,0.9967484164155134,2.880493832776268,-0.3048473170063173,0.39021448591743213,1.738776603440792,0
0.37669048516414944,-2.690625540856775,-1.7314049990520748,0.12521474611205508,0.25208824036544464,0.16914124359245952,-2.2560118899015382,-0.6761769858365962,4.150757194572122,0.7317330445806696,1
-4.48321806722568,-0.6573229069760158,-2.4051601614302283,0.36668887565497527,-0.14032190381948517,2.589634620562623,2.3106488568744403,-1.2109755765605965,-1.6429327888403238,1.551116876837897,1
0.7508864883238276,-3.731028109436671,-0.8091245405788721,0.013825191285803617,2.2018377343344606,1.810812499572705,0.6045155101740434,-1.9476655944636443,3.418008187643862,1.7242459960058278,0
-3.0174551838995187,-0.20443044152880505,-2.5864395155612905,0.5981536164630673,-2.5325555796872106,-0.5786038282180905,-1.209483855657096,-0.22969305851422483,0.8407274581043507,0.8382350373392219,0
4.123502884390316,-2.1327615641749786,0.5302328415563429,0.6980962124960084,1.5228415410709815,-1.094047029036311,-1.0117050646658234,-1.633210774965779,2.656256567838037,0.2144825307210756,1
5.377614993808659,-3.1769265440845516,1.1700651498113324,0.3073291662813744,2.678847538667915,0.4819429275114109,0.8320985178673559,-4.103429260643442,2.62426920201224,0.5211017577280295,0
-6.066575870920272,-2.325842669418428,-4.02659425861013,0.5695965140148362,-0.34127366604582277,1.6520204189139394,2.090238773049002,0.5330039221570102,-0.5441573535801967,0.26761012409742646,0
1.029401072138404,-1.567695364398691,-0.5270768319412009,0.18908892371099348,0.1608629137383949,-0.5260295327498775,0.20847874833449853,-0.8267256598179816,0.9425686963192531,-1.287862041585012,1
-0.6175496419907606,-0.08337291251786233,1.2521041128507955,-0.5296043876273178,-2.6899559542549425,-0.027485231703200386,1.9545213439557503,-0.43988096305276103,0.5819360481484239,-2.9723902714908172,1
-3.0121899113937283,-0.9211212044451729,-1.4692176722681176,-0.5707376035423738,-2.8231160558086987,-1.4417822651125314,0.5492346789836525,0.7728863493140352,1.2179362263016236,-0.24474429319143964,0
-5.295488564743713,0.5097922107538067,-1.4410730076859277,-0.41039630030988483,-1.643630737851626,3.62949868449956,0.7465531416345668,-0.12971685683810086,0.028711361294543325,1.0603613686414304,0
-8.904885911977797,2.2405111521893235,0.3846082908384718,-0.26807440906132857,-4.806602828324319,1.60116662289912,-0.010843642259249497,5.151633583910719,2.363362167059715,2.9880609733128773,0
-2.3792219909499477,-0.31832943458912444,-1.0432352098224122,1.2304772850182955,-1.9333524500982722,-0.6482295040763946,0.5111774334209285,0.6732123419252125,0.26902987122491706,-0.6648694561411326,0
-2.831889973773422,0.4618496217309486,-1.1483282145880631,1.0949222818024005,-0.12236515068804854,2.8472312996099665,1.401079942280881,-1.3990169841867868,-1.6984741143466286,0.7951453358292389,1
-0.7098873795642908,0.033107588849432934,-1.2527232251888667,-1.1272282991651237,2.2674826896017466,-0.5363969969856894,0.16506024700883182,1.1694763437292977,-2.147798837943074,1.978327939889712,1
-1.1777655497505835,1.7603424840393158,0.023094572026058913,1.1177873348350917,-1.752413579100571,1.1025267415899376,0.23821354442868492,-1.7754810345247516,-1.2150035041055711,1.056472233825087,0
-2.542739782426954,1.542421003233024,-1.8228981809055849,1.5519916308872417,-1.5834081757857241,1.499985813458978,-0.9832370746341952,-1.6275065450288722,-1.2023618872236483,1.7824015656487966,0
-3.340745224811395,-0.5573827936364267,0.28086203655211817,-0.36394064334738935,0.9731111797224385,2.4398816230981843,2.8021191270302337,1.5542128222977338,-0.6236629168703424,0.5168445276616274,1
-5.146634465705107,-2.022723529468214,-2.078474057172764,-1.0658833411624193,-0.9889552027262936,1.941267189757031,1.594095888357211,0.9148004598809567,1.5797293864224886,0.5607139662064244,1
-3.7100614756903054,-0.0543497964250413,-2.0379281341537783,-0.9869346136107467,0.5725401805113128,1.811851948414089,0.6141272792142292,0.40772552548438334,-1.2297814699042229,2.0857838973467704,1
3.7488134832325803,-3.39781084017026,1.0319517968694072,-0.575638368202257,-0.07570762328484082,-2.9889727976447062,0.9471627950691544,-1.3349973430690507,3.655582199457407,-0.6279937473117401,1
-1.176325773285676,-1.2930729288985596,-1.9993424623692306,0.8005120398998542,1.0281340661681528,-0.8063147810556572,0.13847979111027464,0.5163750093307167,-0.38227502153230586,1.2229714823301148,0
-5.771253017223892,0.9570858954777162,-1.820907822475064,0.9934047793429405,-2.08621051378557,3.158536394178502,0.37728481222821064,0.4364275417012521,-0.5008584886364504,0.5701371739044492,0
3.6049788110267205,-1.108335694767585,2.7388953302854184,1.0046920585296186,2.9808457737020833,-2.741909649543186,0.27511497180547395,3.66314690869988,1.107848391389835,-0.8018235173366128,1
-0.7995018677086796,-0.1722815777692121,-0.5258380399235576,-1.5543216915063427,-0.8474736898240628,-1.2882244192189658,1.8731167700158724,-0.6511324624985755,-1.500108366911952,0.23600744575918453,0
-6.683873351251264,-1.1539698526270865,-2.7300507713868463,-0.7274055345957714,-3.0024287128097784,0.09278581508516259,3.3986855829062907,1.3440071473859012,-1.272310337651696,-1.7081534878212592,0
-3.3207012014139137,0.6191721757371832,-2.9857838211226344,1.2518532547824426,0.7488807680588851,2.6419060275752457,2.5430158527773994,-3.441391363554386,-4.776048919103338,2.6354716014786224,1
3.9864769925077437,-3.0440028553848335,-1.6752489320532111,0.28776944956493616,1.860209082770579,-3.2860469089005453,-0.16301653330143262,-1.2425438840385299,0.04950623534657683,-2.650226937835139,1
-2.6159941761641585,0.9146852333707064,1.3160462167458653,-1.654529353054015,-0.893756043678007,0.12929932620741758,1.1185947861656211,2.1719133907759827,0.48542555642353147,2.606746331281338,0
-5.668647990287361,-3.0227437182706693,-3.8478370898463767,0.181777219869673,-0.3304184959685327,1.4013598719315836,0.2681217929258122,1.6674485828485253,2.1936662886172247,0.7149312995346586,0
-2.5275353092381487,-1.4386792272959315,0.6647348676840954,0.3373357988552797,0.2815240514755831,1.0467558532060421,1.6276437604302172,3.181891316163919,1.6365808588525605,-1.5142426019347388,1
-3.121429921049753,-0.3303832124523074,-0.43854631462150173,-1.7516113073051143,-1.5704754891879131,1.0154823705615565,0.541492352075648,0.7551021135346472,1.372749382833307,0.7583947126720929,0
-1.4714410822314836,-0.7239696133009734,0.24793558607728206,-0.1403319788823363,-0.004322852349856632,-0.18455383900381284,0.037862511166773416,1.0855064480925933,2.204963177378464,3.704141851708182,0
-5.028018049962569,2.906258067331614,0.6715937700494821,0.2695414780713415,-1.946272603933858,1.339983452622013,-0.5014534808848454,3.1416419143254055,-0.12909642577349256,3.646207569190671,0
-3.1147450557258076,1.1522160178845438,-1.0970158477510379,-0.38336299933215967,-0.18634086874394884,4.478250801463723,-0.02374397174948073,-1.7884315569039546,-0.8581539639541373,1.6438589438229256,0
-1.9275450006821413,-0.2174588180222329,-0.693807021937916,0.9033487486573234,1.8302535874707746,-0.04080588803475971,0.07823234007538693,3.1997902660427586,-0.7939590242903892,0.7610495104709968,1
1.4089072235459763,-2.062600842804787,-1.9467770038315522,-1.8755879993076272,2.5326478433275583,1.5205476226357453,-2.2800306929850036,-0.8318013719254514,1.6424491028449586,-0.7834929745131851,1
-2.4843329615898133,-0.21189042752895615,0.7114112576839953,-0.6774635898085547,-1.431571731715993,-1.5686983986395862,4.894655591296599,0.9165740032973833,-2.440116196178014,-0.64296583313742,0
-5.301149857830764,-1.7178277669754112,-1.8320636308170082,-1.7964985106173503,-1.1864430333963862,2.382459606289231,0.564121987341468,1.287539838756914,2.6219947586107306,1.247036362842195,0
-6.711238408068816,-0.1291830358176058,-1.8309563762619283,0.2901817179086788,-0.15441225204693176,4.006532908809648,2.57711433162269,1.3958260181426165,-1.5180865640557957,0.4619768278116282,1
-2.337591727187487,0.012362923935765158,-1.187711147587717,-0.5868263035402915,2.09722558724481,0.7073036882302068,1.4757895979066817,1.4464038946987998,-2.614784560293007,1.5890466531021503,1
-7.836091753511998,0.3009232573624177,-2.3292339146766463,-0.004068313398682333,-2.1621033985784024,-0.07287853668105804,4.058465279747619,2.9685821418463028,-3.485943657512145,-0.10556923925950623,0
-0.8539692186092103,1.0535098104553997,0.27958414793610387,-0.7933140409169745,-2.5554415394459142,-0.5797240534590318,0.5469250995953279,-1.0895263931027952,-0.30131980109710144,0.33597184857022677,0
-8.28787295219332,-0.2186549296907411,-3.2021457770015394,0.5141456236905074,-1.6230137831711322,1.1592580467030085,1.9167194743503957,2.9500003813056055,-1.3248003210051227,1.7213451158302902,0
-8.77704027787875,1.452769722174635,-1.510120581305509,0.8194574951724374,-0.5342943267238858,5.224523333760198,3.5921294190968123,2.4593921917434685,-3.6433861373823255,-0.2024931086908366,0
-6.016210685411686,-1.003826902862409,-1.9701729796655885,-0.33342304340081597,-1.1082069136664054,1.7929584237893657,1.880489974689063,1.8557729736353115,0.1886209104334201,0.577921388631194,0
0.0750231520811882,-1.8971941723619759,1.0726088231624038,-0.5548134515972051,-0.43558247994573285,0.43140992780491694,2.0838372153933524,-0.042504396626533714,1.8689415855510143,-2.0549544127390935,1
-8.26478336468613,-1.930435280343109,-3.152923200083204,-1.2407163941042463,-2.4164787916325006,-1.0731026266241153,0.6923218936487081,5.221287606171794,2.304314784155313,1.7848086035959527,0
4.038701148080071,-3.127168587584987,-1.9591322211026587,-0.4077446123012603,3.657950974753869,-1.280643213808867,-1.9688087992288117,-2.0429071286746865,1.701411748589222,1.7990629538252585,1
-0.5301931240797327,0.6503585442469607,-0.5364536841038329,-0.49595805283578676,-0.9698420985533348,-0.16162013353320592,1.035372733290534,-2.055201614371493,-1.5564560556695692,1.4184971878300388,0
-0.31456648031648504,0.3543613852494151,-0.09250967643149743,0.07285782015195073,2.894860977981027,-0.5078285852686371,-0.17803575710733277,2.66758899644371,-1.543041405555126,2.1659909421121095,1
0.8980094698191181,-0.7384269970927921,-0.6573894447620938,-0.6153996752248185,2.472676918565692,1.3632260459048604,2.7877438130028276,-3.709798393108431,-2.792678468545178,2.6294065751615188,0
3.537991473993781,-0.874996494358304,0.9729715760962268,-1.309562592342325,0.8026769363589124,-0.07343881481059866,-1.338996270090186,-1.3555204241873215,2.0212787516536794,-0.9737698302248348,1
4.642726092914796,1.6796311188180044,2.754313460800847,1.8209837689086616,2.6713185424927697,4.156864875130795,-2.348627107211379,-1.7851279300880427,0.29326267668274386,-2.1720003184003938,1
-3.734094593226718,-1.7291987951557104,-0.5250921816374896,0.27988856034365445,0.36240891422060617,1.689800882189852,3.4484069637601147,1.3618326087967036,-0.22127481470769195,-0.6332919193801985,1
0.8431422804528492,-2.1035731931650083,-1.6837309417422461,0.139595024774993,-0.8392044931379576,-2.860470946161021,0.9275278745331885,-0.8708184977067321,-0.11835546258358742,-2.486711185795288,1
-4.849855336805645,-0.5068628579205904,-2.02340257519835,0.05750673941180935,-1.8574450778359308,1.0215035847825567,0.6676412916360559,1.2434394513285225,0.3475054906302133,-0.1328913415931674,0
-2.612534513781148,2.2982564214617964,-0.5222257670478714,-0.06951213868289843,-2.1604481724825026,2.3289302235826375,-0.7066360139221683,-1.2537449461445513,-0.9634176021294608,0.9681090242530643,0
-3.829025471127665,-1.7820200077629667,-1.0571429195199804,0.5619709076391031,-1.4846917727032523,2.1282481423370085,1.6084551612755256,0.16431503142994774,1.9743384886727582,-0.7414313510489947,1
-2.500697045450774,-1.2617553446757155,-0.4355282991180547,0.8233839290908783,-0.2220746423667166,1.087742488895966,0.7286668466417112,1.4822211423972687,1.5872622374905294,-0.1925471437052606,1
-6.067967537528337,0.49800174931724256,-0.12138008827702373,-0.9885792578546316,-1.6706454269382178,1.269885512357474,1.0948264161686705,3.337514772519102,1.169620810779108,3.162770845971182,0
5.068956847260068,-3.1303803781819513,-0.9884968921627185,-1.3058292261716553,2.527766073161427,-0.9627528771739715,-4.039378145622694,-1.845315752529587,4.752079832874501,1.0601872791185034,1
-2.0923801492784557,0.8556690319060221,0.6157938578409268,1.3744688734311037,-2.3449620127510986,2.1640993847349708,0.4055262210931221,-0.9674507133614492,1.0735860410753908,0.2444912435751584,0
1.6846679893122232,-0.7274634767439226,1.429017431953131,1.4154732431894113,-1.9739420126681513,-4.3570413909161845,3.5723989898687067,-1.226603652353043,-0.8665191147369475,-0.04103912690005718,0
0.9198476942291861,-0.5954648898277622,0.24355079902950783,-0.30355215469366825,-1.1939912748552461,-0.9498475137743294,0.5995035583841896,-1.6872172598715776,0.8360864490165509,0.2176825518250396,0
-5.738076885810743,1.426718633159866,-0.22357273051593374,1.5056431735879783,-2.72510852652428,0.946304227307136,1.627636473583923,2.4778386351399107,-0.7734799349462611,0.7209869616828919,0
-1.225853254282093,0.22048395241187818,-1.6748498962729799,-0.4828746609172966,-0.7616619158730875,0.048358774502976654,-0.07921118469558497,-1.4905514205129151,-1.0016963518366804,1.2365198854371748,0
-1.277840717728422,-1.8327791695734132,-1.5562441219364103,0.7896730670157065,-0.22613388426508751,0.05103268472129441,1.5847838665440035,-1.2300675557903107,0.1552079972783702,0.0798292118337468,1
-7.608600840532072,-1.9963265985027079,-3.6590504305641103,-1.2349329656262735,-2.964002289375155,4.784130340845209,4.72807943036363,-3.5352625705865837,-0.9791662717746998,-0.8362317851169578,1
-3.341562141560008,-0.8114332054782575,-1.5623746282174755,-0.20563035404518432,-0.27668505454771564,2.03844244168081,-1.2750685612836068,0.8723707348679633,2.4288411351528634,2.312751792785174,0
-2.0535868490109364,0.7067016632673446,0.9498019396937565,-0.07367658606879539,-1.6460808135740916,-0.08000331836437136,0.9496357477509413,1.773058980707495,0.26778540407441764,-0.4109974814160038,0
0.17724997244183077,-0.9287900432047087,0.9581380798018746,-0.6077387518574343,-0.36283595757445664,0.9310590453923658,1.6839294730051435,-0.5079312513202323,0.7289064988586031,-2.095112263902376,1
0.07057234022274825,-0.39728370684191605,-0.43786313392483955,0.17036256758758458,2.7397542591628965,-1.2403306864782189,0.5728583393563328,2.1184711842902795,-1.7415984117838443,1.313738365978543,1
4.863155444551221,0.5184137757979175,-1.6497489708869661,0.3522878824716554,4.137773900275771,0.036971421074329935,-2.7627550630442976,-1.126370244040249,-3.827468391151684,-4.249963252254888,1
-4.144038877753096,-2.1200977817412445,-1.2093957990150974,-0.7144695946510017,-2.1473525395499964,-1.0716456181159302,1.0638317134739672,2.6205848945450487,2.779251802293291,0.027723566545060918,0
-4.890634173955917,-0.12004497825520266,-2.500026861762934,-0.5646154554959961,0.5216684486525951,2.4317509206634833,1.662241027339813,0.24568003269836525,-2.1587614893735148,1.836681614503819,1
-1.8354511641249633,0.4567599080379825,-1.8394763258587057,-0.7090266528428065,2.814568491142201,0.2840892328252842,1.3346267256778255,0.5951748767773113,-4.102141126716216,2.8258350731742543,1
3.3733704483641564,-1.1137190602310891,0.6341188753912119,0.45834529850381417,0.6875322203961465,-0.4959003732172559,-2.1359686115223115,-0.7748907434621961,2.8101030169332626,-0.7073121977601355,1
-1.8244796135409869,-1.5892981451660173,-0.5255326279887262,0.06590781921052703,-0.6545188936026725,1.6936953711859544,2.9598199350162937,-1.8541851254975081,0.10706129660458497,-0.5436488962292898,1
-1.6041782961148299,0.3915833545909921,-0.6837179273611459,0.1723882044705576,-1.526105038015383,1.0642542115962046,-0.47176325598884605,-0.49331239493307066,0.4204476494694407,-0.44122507521998433,1
2.256495628673686,-2.7661497557917167,0.09783624153263504,-0.6922324667755859,0.5090975312656434,0.9648255265971863,-2.947815284186848,-0.5450202696319729,6.038581070084651,-0.45695350226697695,1
5.439796409450277,-1.9875950354526168,0.7213246372126543,0.1794872767035154,1.701828129128003,-1.211679454625474,-1.9083368331807073,-1.9043744436351233,2.8413892097856532,-0.809993089970801,1
0.7735265415107935,-0.5462418894052712,0.07713429740293831,1.6242121634124336,-2.385237547114814,-1.7738820677083798,0.02241383617372139,-0.6841357658031708,1.141595587649325,-2.423972577306019,1
-9.22039667727816,0.29436826553411083,-1.9192783766892523,0.09400659488728023,-3.1113913706542333,1.0981057167207156,0.8766715819955777,4.8461327876969005,1.1405841802425598,2.2121211247218664,0
-5.963955118534078,-2.0234890594621384,-2.7294268747947683,-0.16145243476781246,-1.1979616816023635,1.392836262460015,1.980991643748207,0.7726464433685082,1.0120225540627923,1.7994226376013662,1
-5.674282203081511,-0.6946118799102593,-0.6084276448549735,0.41007379831563745,-2.8516048248802113,2.0620106964501606,0.897704657782383,2.7862806772903506,2.335835349203746,-2.0191903139826857,0
-2.876544662623651,0.14573110009272264,0.7109430693547691,1.537735281895018,-0.9507570465036574,0.599396604838039,-1.1410267640633864,2.0217427494356697,3.6780478824788214,5.46433469116972,0
-4.833333618904753,0.13994274558947076,-2.371620800346924,-0.03228369730345445,1.6296865705776287,0.8774941932737237,-0.9882055538355206,4.224397831606571,-0.7753912638596598,2.569784950503042,1
-0.7305051803306306,-1.1312347715360707,-3.780144891765496,1.8101284061352945,0.7150272675473646,-1.2042714521138707,-0.63859060873654,-0.7427171055873996,-2.0602522291942758,-0.9574363408209838,1
2.555891448370399,-2.0873958770162626,-2.1216941586168163,-1.214939503103089,0.23682933427559616,-2.9659521404158644,-2.057204994877893,-0.2439916375508141,1.0312088460051427,-3.0479994501001646,1
3.0217366303679896,-2.5493842071239374,-1.2866263100088102,0.18416810664374603,0.4438849943266574,-2.5456780881593613,-2.4152015235114224,-1.364764944357327,3.4440979338010913,1.230563283870954,1
-0.7120840676641262,-0.3016173995739142,-1.0106609246725775,-1.5709174408478888,-0.28779538330380583,-0.4218672988196748,2.1344135209039767,-2.4410815266401507,-1.831478796384098,2.1662523161364966,0
-7.658147656549295,0.775016987800266,-1.7093016970851742,0.49130074214399233,-3.980120522197635,0.32170590388631726,-0.7984998145242177,4.767624151432104,1.7161905512620146,0.10426769931632673,0
3.427544784088854,-3.978141421245783,-1.1218404971423994,0.832084624950597,1.4409356648587799,-2.8514699188449595,0.5899869495002688,-2.105469484430311,2.1952686386583067,0.2522346482103619,1
-3.982568899326112,2.385717973172,1.276608948298196,0.45654230982903193,-2.5008842435518526,0.3295879493801003,-0.24549779392771232,3.714815687536907,0.3770529624863612,0.8948671966990065,0
0.655483359769629,-1.0627135153511413,-1.2467042366894763,1.1553350469854267,1.1445789771084263,0.8324180111859143,0.4406149932989354,-2.7454455847615478,-0.3603924338749981,1.6440638706688424,0
1.0752552473756378,-2.5385860250443653,-2.2963477949650084,0.978904552461823,2.606923429527409,0.18971732803867458,-0.7465762511232885,-0.6882092264174873,0.4619754737997752,-0.6456684575927216,1
-11.069211237939479,-0.4534481843149298,-3.249979986323002,0.48675654172923905,-4.029119512685934,1.3921225342149008,2.0410321743675626,4.6059076698296995,0.5303055322220496,0.5415403373983837,0
-8.854865813634456,-2.181055455449801,-5.051444215236741,-1.1828923026910148,-1.7950379765171336,-0.454585784346073,0.16181499160968915,5.241766736409082,0.7738098837479407,-0.7180825144797116,0
-5.528467007867204,0.17290648583152382,-2.285329534037789,-0.03554891745671637,1.2634323413950905,1.7345273444910143,0.29037031623427223,3.722588409605549,-1.5835069688348655,1.412190058829168,1
-0.4184204078881921,-0.6099918294589741,-0.2165543203374436,-2.525596224448085,0.3393019368366619,0.9845603552410646,1.7418784479481402,-1.667411430987363,-0.6330106594862887,0.8204212867042588,0
-2.6743700248370126,-3.0503346240742477,-1.9783352602310624,-1.2360006226208908,-0.19457521572263947,0.7079162063296238,3.9222519184693527,-1.2326596620037806,-0.4360542996032426,-1.5520412025857064,0
-5.249445725918877,-0.21120151366705053,-2.647484549919767,-0.18475340097743445,-0.08284894808435861,2.9585244978473986,1.7689869666450568,-0.49444900355592414,-1.7937622373597675,1.8064394963913033,1
-0.8047433528024118,-0.3790297914587177,-2.402952143714314,0.02534269819039109,0.5450077300802267,0.3694980254638738,-0.33671915888797965,-1.598742068794887,-1.3521645130894173,1.0115326350938152,1
1.3794458095410969,-1.27899848363022,-0.4872722657560138,0.42543940726497415,0.4255729612494673,0.24110363161543114,-2.0041899823256806,-0.34003317684980716,2.553106001679098,-0.6686124985067254,1
5.286108667158488,-4.283415616806857,-1.6748865660056378,-0.9176741576094798,3.848723351539437,-1.1053882301560065,-3.665229304691501,-2.1846730940081622,4.910530931360584,2.3707835482772435,1
0.2654883193361735,-1.574895778437605,1.2777005087139006,0.9207160381226757,-2.8516577391669786,-0.33698330443138247,-0.6616989462830078,0.24766401757875967,5.082413201310492,-2.0085536524682923,1
-2.9574872488343473,1.7598071063289642,1.627927024038268,0.33742427589026563,-0.9730667276862847,1.861566706208202,5.040831506410628,-0.7329064305593753,-3.8278053677854107,0.6739971459075094,0
-0.9196777696808259,-0.34887811580084566,-1.238987216221979,-1.2014313560831889,-0.5370080955694189,-0.58401695127163,1.4120130288831285,-0.041641325361833736,-2.0970621894754014,-2.9620462218554993,0
-1.5863484885018366,0.3965701524261401,-1.8461173068095542,1.5064182251203082,2.1794276072556302,-0.4794281498685138,-0.9180327572310958,2.1695737384238214,-2.005761254453728,2.1914564840606197,1
-1.7426313348170948,-0.17316258194828937,-1.21966838239444,0.1058359976764006,-2.6415874617141406,0.2894624757259342,-1.3807078729572098,-1.002318956231842,2.1728653044909647,0.6748430032508717,0
-3.7760148679223176,-0.6055741002465819,-3.165944704833812,-0.21295656107457098,0.535142978624989,2.0943115673079062,0.9001657684881662,-1.2834004705505833,-1.6677487077855517,2.2912026002788344,0
2.187268163728311,-1.4938480028615875,-1.415280529020767,0.9312483394871944,2.6973750916178583,0.9949581104502805,-2.714929625792476,-1.3282036851360135,1.7782783079779112,1.5369679234030822,1
-3.4271964945741242,2.2192152819853623,-1.0422091994730625,-1.3354533604080119,-1.2399894300066434,2.416681345551191,0.5165777336621232,-0.9726286348950098,-2.6487858585021975,1.2918235569967187,0
-2.159586397465126,0.6269678678313875,0.6572068164544553,-0.4752828157123021,-1.0134516457583582,0.5642875451369378,-0.8899393105563089,2.130454458160129,1.921902186273059,1.750026718789155,0
1.6099158365259008,1.1471311999147773,0.10106638035260485,-1.3321649821952053,0.7614487412458426,0.8330185422362459,-0.12785674998042973,-1.031137393969784,-2.5485264322800965,-2.8548410268831192,1
-4.929066222410995,0.21788417167640292,-1.5815310792288182,-0.3436563794094126,-2.4661561415425277,2.006354819499091,1.3634156475430401,0.11717618489369186,-0.5058849545096944,-0.7889372820998544,0
-2.8686346573173482,0.9057971202191233,-3.6776985364493067,-0.0807170021792766,4.321604966413086,-1.8081981200302515,-2.0342685014702973,4.534999660179493,-4.085086937474528,4.9413127401067545,1
3.2994206007112346,0.6517249805347539,2.2561989426773272,1.2399319048322957,5.071664641187822,-2.8935696783119846,-1.0058296712787325,5.2917559352269254,-1.3607245030765982,1.65135101655547,1
1.5477904429765563,-2.0688023355176375,-2.9783807725879567,-0.5692232096343005,2.4649547500565023,-1.042220825066657,-1.2193731261970853,-0.6189626847365757,-0.866286982176629,-1.5106072453263244,1
0.2515137311958033,0.5830805642283239,0.7581098487764382,1.4957400275269388,2.4978531802977413,0.2675968654770835,0.5869615863829747,1.6059512797366722,-1.6558794636518832,1.3511927961127475,1
-2.572965297752642,-0.8847121668662407,-1.4275759065801106,-0.13938774628325593,-0.15703119236398888,1.376591184611243,1.7564388204267032,-0.5476027280632723,-0.8046981591504025,-0.1928461355594575,1
-1.2875384949455215,-0.5010960829335591,-3.007726481251266,1.137349767947586,-0.4634175710838888,-0.27918142428532255,-1.0990194915807587,-1.3383008847582722,-0.6513804232066236,0.6448950811240777,1
3.90083457680366,-1.6698908272157902,-0.7924704873653573,0.5826674332206054,1.9515162144089848,-2.4630517754790935,-0.43125275617722325,-1.8752820926915508,-0.19696855893223408,0.37312233855922305,1
-2.055263159076742,0.01831211022576648,-0.42202116441773685,0.37240044293943575,-1.3747798117775032,0.09973930749343107,1.0784931243852043,0.8102336010251657,-0.529286487133382,-1.7593799224930562,0
2.093831135627644,-1.440962593734179,-0.40643792081516084,-1.8007522354101921,-1.0884783000679503,-2.1101284947771353,-1.4076555287253876,-0.8764280606496655,2.4526845683523266,-1.1126557932836803,0
4.722692180924959,-5.023339821970542,-2.2517772613551905,0.7077159067970932,1.8345885477564305,-4.31639450687098,-2.161668481280808,-1.78840094053311,4.459906565903569,1.1759972862659365,1
-3.497021883226334,-0.22215848805072838,-1.2041804202275728,-1.0709565231570595,-0.45345323623634803,2.240303268296528,1.452145299383092,-0.21520492195923246,-0.6365110181874625,0.5672024048598961,0
-8.178145999690509,-1.092198265662944,-2.5926696189813625,-0.10787471540948565,-2.672925536601915,5.97112944564296,3.6582331969295034,-2.1928416192388642,0.14873319453622913,0.6531933412572095,1
3.7199395370520074,-2.199716818355628,-1.623480017804313,-0.17191982955707807,4.000964548756953,0.42243367660926867,-2.1577601367130557,-1.5292289268645463,0.6794071053087416,-0.3174540486562826,1
5.135046106625934,-4.086323780491064,-2.0945966483091922,3.2354702030852853,2.3748471733068177,-4.884149972543977,-0.793929332814745,-1.64305387501375,1.2760631533332778,-0.5694000209489343,1
-0.798403406290784,1.4053839359815725,-0.6663634613620919,-0.3008906608231872,0.6784879007626607,0.8493235966302628,-1.5722112507570762,1.2166141692100607,-1.3468333918383095,-0.22266853772632555,0
-5.21092536045781,-1.230218775325265,-1.3111999994398007,-0.5712070644351728,-0.6625978064980598,3.0174636630619536,2.6323012599779263,0.6327533123440158,0.20589933953819184,0.027474527394600545,1
0.8286441657805139,-2.1042054393880125,0.6507871375851484,1.8193845405493407,0.3276394966395746,1.0332286937061081,0.659432942821121,-1.3651718146123084,3.0626407449207367,0.7696253178312261,0
3.175536612482696,-0.7873901708999912,-0.6002232407642947,0.04581193490126893,1.4621165038362403,-2.4831558315976414,0.4191737046156798,-0.7198458545793736,-2.155769326824417,-2.611258541800442,1
-2.39260125492174,0.3069712101754814,-0.7458682926062528,-0.04131410291772493,0.5035029184499582,3.655992939947187,1.550799410953609,-2.1256587476224427,-1.2930631821257514,1.9047261062539023,0
-0.17116163521473013,0.3861345609040684,-0.8403950946818906,-0.6884176102514667,-0.5608566473188716,-0.940448079274625,1.7856652814441405,-2.687979475294892,-2.4069407264597427,2.281783958953792,0
1.4550974591778958,-0.28150899586980865,0.7474680847235171,-0.8938655553324805,1.063253544475732,1.6166789838228555,-0.4497665608719216,-1.192218360534395,1.002424050920009,0.2702388226236647,1
-4.514268585412025,-1.2004982417262817,-2.8477230447859467,-0.9615329015292843,-0.6806009925934358,1.7809177642044274,0.4774150604142592,0.12034742580900737,0.36850838906557026,0.94732131133834,0
-3.9511856836087436,0.21182085002120304,-1.8593930426172534,-1.0872833501943513,-0.03460623956175013,2.3859406037942286,0.09765152191474635,0.36257754760722316,-0.5855607586679134,1.7303232888034752,1
-0.9982284322973761,-0.2681955039857436,-1.1694808634283693,-0.16007566283828117,-1.0617476115228548,-0.1284344640955326,-0.2068152750808221,0.03863500030577349,-0.1730669544386052,-1.9440697434163763,0
-1.4661348581991311,-1.7070626030753775,-0.6041000455220269,-0.1780862276106515,-0.11209042754273135,-0.8525782470669834,0.08245899712438509,1.7069081750147175,2.2173875258648543,0.9724552178012005,0
-0.5338422221061737,1.2486111304055747,-0.6461439785799263,1.0795179420483583,3.578281771755218,-0.43594094791505467,-0.9217629975737625,2.8205227237100265,-2.7878352936148674,3.396711510036641,1
-7.386961391638415,-0.6163911613400743,-4.242963482018772,0.5546148354529468,-0.3981430704098452,3.352043955693127,2.0486930392919644,-0.5467351850280864,-2.1616774033329023,2.6263169717725345,1
-4.179830482106926,1.3458845752011657,-0.6709679892363019,-1.5437376873201276,-1.4066325263027812,1.3957441263608892,0.1903835489169774,1.5744652797389995,-0.6745872583612971,1.1887101269985128,0
3.3791333973962305,-2.9416066665157725,-0.5186579492049361,1.4225457673641801,1.1465138127602428,-2.848729967209947,1.2498067220437443,-1.3872450696235625,0.4649625220011757,-1.9993801789030774,1
-3.23128919351896,-0.5765797390148463,-0.7209702932271238,-0.3790479810742958,1.3223930166144593,1.1799462860209113,1.0255601550462523,2.5058690078028403,-0.24108274992799483,1.5447039430037472,1
4.369476120726174,-0.031877524076296924,2.8919551754178605,0.4703447416588323,3.157857146001871,-2.935634789131279,-1.491553950189823,4.229165168561272,0.9744687965533363,-0.7656635264974923,1
3.437096434072298,-2.044080490586949,0.09620109750855321,-0.4565705799107385,2.516014044248788,0.9772078579938597,-2.3238466496805015,-1.2113077734868245,3.3329474241328385,0.5093454150924215,1
-1.6400848393080452,0.664422915281227,-0.9666107860804839,-0.8505152360485638,1.187477521941035,1.1455571221428125,-0.17973006586093954,0.5996080755556596,-1.4783331211380777,1.7098284184120702,1
-1.1311569550153076,0.00037215172645475674,-0.6375545090279415,1.0143372366233212,0.1584811184025472,2.732090319769502,-1.1492642220452036,-0.2804577713925154,0.9299935292745038,-0.6616599721082472,1
-4.381392428231159,1.3582506102932288,-2.009247299675713,0.06381172888377443,-0.9072612489412719,2.5094901688229756,1.0397324199091524,-1.183535325123421,-2.58302733666572,2.2269348512024494,0
-5.230753266696152,1.883738912565531,-1.6836280002633583,-0.35982010370288015,-1.9561302751854637,0.8774891428937311,-1.3810535781802207,2.1844594261267725,-0.3548996657974448,2.7531069762177327,0
-1.262662404263014,-1.7352162405577642,0.23675313839675982,-0.6180161530686241,-1.876932751461351,2.6031999814542948,3.511231910721221,-3.5621386204436396,1.0263789778905958,-1.6641937851125168,1
-2.3912584668171526,-0.5139506835946652,-2.3621302963969173,0.4761618799059252,-1.641894247486896,-1.463675687044434,0.30061092595989014,-0.26764005835331284,-0.5798327924753361,0.799312325317821,0
-6.5066019454494075,-0.7686015292743769,-3.406748863461076,2.225210664386909,-2.109785863705051,4.745513439419987,3.5953607105764642,-3.844902657273887,-1.9313014522613319,0.6607181001035214,1
-0.8829592615250905,0.4144480437861444,-1.6891151990409663,-0.11079995222011184,1.1808562267608058,0.6349732403505745,0.6924007155702614,-1.345596608919188,-2.8860347092296124,1.5062979834373578,1
5.252412258839929,-3.394273935792642,0.11899972256999347,-1.4860145233669788,2.6461294286166366,-1.1368213366603563,-0.7495202504985168,-2.0189719478292516,2.7806274842113403,-1.1735217577630088,1
-2.088995662119048,-0.6125445934995465,-1.0311588279718578,-0.1888392865959238,0.4947850051900341,1.1567178041785209,1.195079081056772,-0.0478439830777051,-0.5799380152825901,1.0097026264646398,1
0.5918965202861316,2.062185800824153,-0.26040763278435275,0.34029240987810266,-1.9647038988263645,-1.895472185011283,0.5911779392512853,-2.8208589103445383,-2.8957503866630416,1.9712104733268498,0
0.22835053045398718,-4.490217905433919,-0.9386292772479463,-0.7517674401028566,0.8020561895116409,-0.5713058007920184,1.8040069772620604,-0.737770612506244,3.4120641752228367,-0.132325293544574,0
-2.43010122077979,2.19804171368379,-0.8343342337101316,-0.43476469149392355,-2.664439074819634,1.2619835135633393,-0.2501484710536481,-2.2281772610820703,-1.2809458205478534,2.227167371697538,0
-2.938984212536687,0.28757970240581876,-0.9537817788630949,-1.3719492722844784,0.3826165124202716,3.315565817060552,1.451594927331917,-1.062851162617264,-1.4036129392251273,1.0569145586263329,0
-2.7742134963497858,1.1966247761214424,-0.014450704425491123,0.4083095897035167,-1.1002318704030225,2.6781534899586417,1.49197221283863,-1.1879005582722957,-1.2463265341815015,1.0227083158762642,0
-2.1041986052792656,1.6059467992163696,-0.43396108468862515,1.8899939909266896,-2.456688690298812,0.3165213387421004,0.3708857448643397,-1.098919917745325,-1.1424668118653747,0.980432803642765,0
-3.26465128732469,-2.1475547722201536,-1.365346309362678,0.30137967491317025,-0.9789018870949073,1.6709590827649254,2.5933030920869564,-1.042543134669598,1.0019947308902326,0.02025380067153204,1
-13.050788327228066,2.3952238373288464,-2.3094840970969113,-2.4712341968742715,-4.698016672082561,3.3807758409389397,2.249252176791834,4.497348425446248,-1.2758986748341465,3.1626043825552017,0
0.7423697265757989,-2.290906942752247,-0.033674770188217074,1.2142629262078282,-1.3145538291000056,-1.1227534526314347,-0.08004820858377892,-0.5203653830262968,3.477767371045953,-1.0212624157614087,1
2.7129520970823036,-0.14859649071666955,-2.5669480000274967,0.607051751075836,2.34208045023927,-1.451521809632069,-2.0735781042644246,-0.9695207631401094,-2.8470865610677487,-2.00384568504882,1
1.087385574389523,-1.092207204155158,-0.1327376072821036,-0.25214409039249186,-1.4721892822940554,-2.2568331470600445,1.1462062986909434,-0.40897219637572557,-0.07223002061999018,-3.5114210765944907,1
-3.608248217435281,-0.3185367516234574,-2.49408114527784,-0.6513405993554628,0.4912340317652433,3.649777588565376,0.3525710083476632,-1.6774364454259714,-0.7066585677161564,2.178066545142508,0
-4.7743951556117965,0.06687195125102509,-2.6994709746568413,-0.31565123822287544,0.10362351884391718,3.806524388403163,0.4459310563618286,-0.8349402976547697,-1.1226730504814377,1.8388846588563146,0
-10.144819516429548,0.11587709592155519,-2.6320727756870035,-0.46925097095928636,-3.9393233603888698,2.5245586944547487,1.1901835015994486,3.221230771579969,1.2449966764262954,1.9058640367587307,0
-3.6581244626146656,-0.39534883285821315,-2.445494706634391,-1.0808395204039583,1.092508318108565,0.7719845310468774,0.17801673402371554,1.507980004935619,-1.169174256529889,2.2744768104334705,1
-0.37125607195692084,-1.5344289873154453,0.25335149025275605,0.8891809605054769,1.2241723872584829,2.124200799539863,0.33261717919086264,-0.6687193126621847,2.385408155032573,2.1345548764455557,0
-3.4630072746448226,-1.2174673226574904,-0.5190299913006668,-0.48378075716955266,0.5352154888138025,1.4439228882624886,1.9964497821576832,2.0912236041584547,0.24979318085336,0.002709738261428618,1
-0.8503298456647269,0.027537974118998772,-1.4922566061589926,0.048987203519942436,2.7422855752749022,-0.9583838067575914,-0.1765417208915292,1.8816612720491905,-2.2437243007458703,2.598780374500047,1
-5.346748701277269,1.0076874052107478,-1.1383373248767619,0.40367719835814314,-1.1273974470928008,-1.2646764868209681,1.1974332260800313,4.491302763121869,-1.911396936507329,0.9784418640576998,0
-4.521511661910449,-1.1953068338479609,-2.8170812967884897,-0.7015057333663561,-0.5518363970940148,1.439859088835151,2.9371842978901093,-0.5060520171247078,-2.22614102894744,-0.8595534719057365,0
0.8421796224020989,-1.99032170184431,-1.4829765053108481,0.0823352493310513,0.2435151680076555,-1.375220753585039,0.04288124679004057,-0.6093418398838732,0.5718725068366455,-1.566133556045826,1
-0.7982186365454268,0.5439288001207798,-1.0866490715355668,0.8338416462292615,-0.7342463462966696,0.5194867067568705,0.28231015889925115,-2.264598556907867,-1.1499675655067834,1.7751632398369952,0
-5.63798747687174,-3.1853389485529933,-2.7130421604245933,-1.1897587448041156,-1.1382404797979027,0.008453016841065697,0.07270372672566472,2.9387809333750035,4.136074926056441,2.2513566549906536,0
-6.331684746057276,-1.8115207252740664,-3.8061583634426985,-1.6110734543284841,0.1778481121267339,2.6796834295244403,3.288459664384413,-0.41947091951277726,-2.0443136966602693,0.919893404633501,0
-3.2683108924785924,1.6724174632945383,-0.5399517000470714,-0.1994912114563924,-3.4403948322093183,0.5571349521243475,0.34180777616923674,-0.8271955561481312,-0.4861445559781443,1.159823736706385,0
-1.8837031590847342,0.9791822344678309,-1.0467176326382055,0.05034263434704879,-1.7263314800468939,2.299943544348903,-1.7702577975268383,-1.3653684247048732,0.9499545866127044,0.7394369439981305,0
-2.358399471293953,-1.357003592567581,-1.0708829620445997,-0.971337782212116,1.0811966531303112,-0.2652192272840408,0.5212927302371739,2.7491146002730846,0.5041543377151054,0.6072331485477547,1
-2.5703244838188293,-0.6153142418483557,-1.1924533692417498,1.321166559595089,0.4828362712776497,2.778210501369336,1.2549616455275165,-0.9113566596411392,-0.42906072654272776,0.7846321477133715,0
-3.488825748002816,-1.4317870714963752,-2.459798644468263,-0.2826149364130685,-0.7376582030868151,1.8967656956651548,2.2803453115008994,-2.329589355036024,-0.6440526270132605,1.2483850622460433,1
-2.3471593833552427,-2.9051009330989372,-2.2871297735858587,-0.9165398424570221,1.0520215510623436,-0.24288366216442436,2.007219205877502,0.2945005000360744,0.32784421616852455,1.004671018355624,0
-1.6547120728005067,-0.5019225633445602,-1.975329496432789,2.70479739071588,-0.6197921518078904,2.2501395602117458,-0.9325179152276453,-2.74313876681419,1.1413990762633515,2.528951923695801,0
-0.2861487208774899,0.3768633699421546,1.0292925611086083,-1.1600335881927908,-0.38705963206295857,2.590145525675215,0.812801531015769,-1.5927428333863667,0.4536586518483152,0.022439417371316828,0
4.082201609841844,-6.545945108650524,-6.338170613852408,0.2523693573096844,4.51392223249305,-5.674520219408204,-2.7528521927019307,-1.8355839796453604,1.9559088457066705,2.3179836128801155,1
-3.3984591875105763,-0.4450424795711396,-2.0286948412456542,1.7106677415207776,0.5922406489377368,1.708885635040029,2.338776405861795,-0.5644576208502965,-2.5136165970852247,0.750716345452451,1
0.6561028256498123,-2.0983352267415154,-1.3597843462187713,-0.6173704023674544,-0.31150345709846006,-1.8083040042931458,-0.1524711156561741,-0.7615712839785903,1.519281320317249,-0.12390642952774111,1
-0.9966978075231782,1.5113471387653308,0.10644383288525616,-0.9269579656601225,2.88428447056811,0.3513704199179517,-1.0923135356331386,3.721051319248709,-1.9768051354512104,1.7623609430914282,1
-2.303621773606949,1.785456214970954,-0.304619132453146,-0.2657344640412588,3.968269793242152,0.5271280130576605,-0.5051665669737193,5.067459588499749,-3.3672358450179347,2.6182884628497654,1
-6.816954929974667,2.982651721911285,0.25204882848016097,1.4860333713328375,-2.813173532113119,2.62540259783496,0.24174839864104214,2.9386418667625,-0.3832518337378483,2.8547402980211793,0
-3.170481917739881,0.23860286930976923,-1.0908718762785532,-0.6070080997113586,0.33104713818059295,2.443777569663574,1.257000388015963,-0.06398213228733485,-1.3766725593853142,1.0070131532269362,1
4.7327416999254766,-2.6493463892476337,-2.5394290651750073,-0.7789159512900271,5.874811044274402,-0.2943161291808386,-2.678494487930669,-1.416060018075342,-0.28957604683427407,0.3076656864235976,1
4.28444002687417,-2.560161032238409,-0.7229077242250657,1.3420242545124652,2.9686894308748215,-2.1865123280001715,-0.7737677276549715,-1.2010897819819308,0.9058706176788693,0.3271331453738451,1
-2.3453015681666707,0.8991049083035838,-0.9329069846915516,-1.0743745428146823,-1.9070241300849171,1.0550932170380727,0.10863544308787076,-1.2550349628861108,-0.4271065913091828,1.2109858622388514,0
0.8035802236603223,0.5894447648022552,-0.2964628526523555,1.2364207818062525,2.9661639078640154,-0.8017131675214086,0.004840035763957862,1.05191827788909,-2.5737405733054333,2.2219619332789824,1
2.2258187954059667,-0.9578194140197696,-1.5893841863208862,-0.6458404203720501,1.9780292209764516,0.27000294771580147,-1.7623879874985642,-1.0038404206618061,-0.4269989857468588,-2.1420110499897898,1
-1.0501709208997974,-2.8705275036828874,-4.391170970915503,-0.48862860663146346,-1.0147775407517785,-5.103019343162261,1.6951884707473321,-0.7447896181949847,-1.9549619721359988,-1.0360883874236444,1
-0.21370177979951038,-0.4267448602495379,-0.21325429848532307,0.21977433014481787,-0.1823641332796675,0.26576695721146026,1.3023155260853105,-1.3645168968142118,-0.49175198103846063,0.37758064527488533,0
-1.1980478579162164,0.8278968809096239,0.3098758020494563,-0.48619734272728654,1.1801647764051393,1.9980655339825715,3.7229379944445418,-1.9525995844872985,-3.9202850229585047,1.4390947734357633,0
-2.4894881704176988,1.2650181974088603,-3.26241697060643,-0.7306362384426736,2.5138144225895536,0.9661210549633615,0.5963546860562543,-1.212075058399071,-5.320247514824795,4.38030698038899,1
4.986289964435828,-1.0302500831434487,-1.3025798028420983,0.27456339865975093,3.822615262266675,-0.823739406466967,-2.1374541995786838,-1.9083409271443696,-1.2530890690402856,-1.0141091389612567,1
-4.518164575842122,-0.6823917078405305,-2.0478463954789436,0.8048168449593257,1.490916504027345,4.823574826412816,2.543239135508837,-1.62448075453783,-1.7253907238481456,2.4824671241096876,0
1.0577211037271987,0.3078173610858287,0.0625275829690759,-0.9471576262855703,-0.47464384943818394,0.4386751187593607,-0.9421550328963275,-1.0501659589646444,0.3095356713209749,-1.2471359555616224,1
-1.5504199456230314,0.4677652364275557,-2.4497739922612682,1.4635849090469473,-0.561311186819313,1.256419230880164,-1.7830814481097925,0.0780649857486444,-1.1898993153982027,-3.1478064603550435,1
-4.893872896521179,2.428200200520993,-0.16821159025148524,-0.5694935580990386,-2.79818144905835,0.5418127334264284,-1.6173623297697977,3.575012745731796,0.6083716660109348,1.4511803026304924,0
-2.5069008874773897,1.5843020505974086,-1.21388745296044,0.12290529426262319,-1.0585314662221246,1.8215743957798396,0.3135730147608715,-1.6736322786495599,-2.0399464542556514,1.7444439224179122,0
-3.1660555810010607,0.4802407860053675,-0.9349015162825977,1.703621837015207,-1.096640865676545,1.3844343080377655,1.5147443422690106,-0.43744280799324053,-1.3194766303263727,0.7204966180255021,0
1.497689506137756,-0.42481830843025814,0.1895217270283469,-0.9392077453702788,2.507384343686845,-1.7156610002268855,-0.4887503992890958,1.7243984901347074,-0.36554499024117304,1.7136272993754602,1
-6.034177835545571,0.792838847375546,-4.950472448131382,-0.014560083619176363,1.3013243832453614,1.7861298749407915,0.16060489514545806,0.475394550071631,-4.488969962450044,3.5736195180960775,1
-0.9645641564209146,1.3706525230969735,-1.1451313714841955,-0.3828256394102742,-0.58594724742732,-0.484951672000014,2.0131318531568922,-2.9531335358142536,-3.9424525985195666,2.9660557237393332,0
0.32865771259193494,-2.5442456647952687,-1.9303899445161745,1.1360875197362512,0.7731877345076446,-0.6414395314198149,-0.022002852469456102,-0.18989573216265898,0.8611495879101864,-2.1983915977484827,1
-2.072343697984454,1.079569328721509,0.6141946725765126,0.5037300894645477,-1.1952819237510017,1.5226736414563717,0.2640629247729632,0.557449555473961,0.23023497540762328,0.5439577382023822,0
-4.442720785302129,0.3944991085163983,-2.3128277285782035,-0.8430476149998389,-3.225907730528151,-0.9732289237341007,0.10226016881204847,0.7919269253823442,-0.3814918331700504,0.49006819306996374,0
-4.616391311756709,-2.39373376576505,-1.3273078899657493,2.2197252216254895,-1.917140737318892,3.22721958936438,4.5769261845891105,-2.192542745965581,0.43697562421456193,-1.406862241734109,1
-6.705981443532598,-1.4794981262165692,-2.6522722178455584,-1.5755815077443993,-4.390718373411433,-1.2383849855970572,3.029825160142937,1.463144705918526,0.13915694985019778,-1.335101126820809,1
3.6288735808628805,-0.1724104586829189,2.95134986968985,0.09863860590298834,2.9676791907579476,-1.884555548233879,-0.11453615424986108,3.111578738252708,0.5352105083362468,-0.343898136945719,1
-2.7287224519651754,2.1354265041088913,0.30763350513755294,-0.33911561112491934,-2.0841360524501766,-1.6364543440639614,4.12427045535957,-0.04783472279405743,-4.964455868505424,0.5967475910548623,0
-3.3245185915495177,0.8816832769572933,-0.0029217535083225776,-2.1244449789606703,-1.4312769914131687,3.020764697379836,1.7751420961691886,-1.3127433429390707,-0.6202302676757905,1.3624818964131278,0
-1.5306218030300474,1.2158957640653762,0.5231806880484124,1.2292833613659282,-2.982795413507735,0.17890855857792265,0.2617884863975407,-0.6007358253457638,0.386362428874379,-0.04883084248778791,0
1.1704771510012144,-1.6178867335380134,-0.3224961018366509,-0.13163786715211978,-0.546612150791955,-2.4552108526823586,1.819530165958251,0.140490847633419,-0.731579783220452,-4.197989634893249,1
1.8958562876885154,-0.23129210137590192,0.9324879871700005,-2.2459890726863323,1.4916628310585534,-0.12295587356587223,1.979759969633402,-1.7430328229048504,-1.5344564310337523,0.988504254380201,0
-7.647102772296948,1.2636359906682315,-2.2573683352420595,2.342946742460102,-3.385430554818129,2.468908194688284,0.5530654298432798,1.5889174377808957,-0.5423822024812255,0.7338524015599994,0
0.3170049550410625,1.2126568029281635,2.550300857611475,-0.14648317350978735,-1.0526330550295104,0.21669932298851124,-1.1058046388625304,0.7143501681989799,2.7930066413588155,3.3390015134823763,0
-2.7321253134196404,-0.3793950091112709,-2.8308575299813485,0.9669323429041874,1.672666215555699,2.634726918885659,1.703689610747532,-2.7085965285482114,-2.9092896868219995,3.3461329137722386,0
-0.2505334031031516,0.19763047313670323,1.6031089436212347,-2.2971804762141472,-1.1088642480783586,1.462207201418495,-1.8934327307973788,0.34216649643461217,4.253963042892349,2.450759763817369,0
-0.9509771446935554,1.7733363361704633,0.7996469090101304,2.286524409914575,-3.4512262185273355,-0.06386688151018949,-0.5763747469491982,-0.6545370080670412,0.6003253778296684,-0.3593314183817744,0
-1.7413554404724052,-1.7795000648878692,-1.4695848314828683,-1.0392446218977673,-0.2821057715188928,-0.11468939226711372,0.7111604568989449,0.33872914626933026,0.9760468473113861,-0.2879931877239241,0
0.7019178170789312,1.6592026371741246,0.9207991978344665,0.8536214191805412,-0.0517033413059903,2.128278732736976,1.2371243918269552,-3.6036593995608173,-2.0120619182027837,2.0020108990891763,0
-3.7995784994444137,-0.2988597046334599,-0.7490965182194484,-1.1158742350492263,1.4942940043068165,1.073936023494798,0.4583036097756805,4.102328522462653,-0.26132407812193803,0.8808413162805773,1
-1.9883811818339994,-3.0183719605798696,-3.743538622474266,0.412461165182643,-1.405401849486457,-3.6542796866004594,0.7988353315495387,0.26224312693730933,0.39089190048281963,-0.7787944288950668,1
-2.7402485476579654,-0.4020346631504201,-4.011202021571053,1.3440814234218061,0.7851897936440244,1.3656610418959076,-0.8763882448803051,-1.5544373384567394,-1.7084641968154686,2.243937316674813,0
3.0558949701703253,0.6689117015992455,0.15307565138522183,1.0483482252300855,1.5922779908005755,1.2072928909436231,-2.0663160768387794,-0.98836368580903,-0.7688697688934416,-2.8708416220195625,1
0.6616847795112897,-0.7289952935688196,0.23548309959982272,0.356911825358322,-0.30658468432322805,1.1294242888916908,-1.3930940832938985,-0.13455536981241945,2.448201736848457,-1.5713697003736875,1
-2.3909865306477505,1.2460851923872003,-0.24418241435938348,0.5291039616729464,-2.6077039858384072,-0.7653200502267057,1.1482752822893334,0.16401599427308988,-1.3534908747200642,-0.05758741999161554,0
-4.1665902036660345,-0.3069444375799939,-2.3535030101531613,-0.29660223295327204,-0.7456008918548132,0.817469194675702,0.011576192195110413,1.5855582310953587,-0.433880808332461,-0.1416788706718215,0
-4.672995282975386,2.287855250160666,-1.0129849099835588,-1.3527005659862203,-1.0306213760980292,1.8445715270504732,0.5732773165535591,1.6050517302326637,-2.8085738599356067,0.6389285126348815,0
0.2053192079597178,-0.14157398969288107,0.9269562649272285,-1.085041660835581,-0.49076035730722767,1.6698198506218778,0.30214071903136097,-0.5383828245477947,1.0110961151186255,-1.8535155526776625,1
-3.051537193455792,3.3316569632806763,2.168624201304041,0.2884139485594864,-2.711383179254259,1.3451021174668565,-0.13076988450441585,1.4372505720518407,0.21235547210489458,2.9729403268353907,0
-2.4977046777386063,0.45437151509165263,-0.5207347974734878,-1.0543752050743307,-2.351650514843131,-0.7992964889243754,1.9328033328895806,-0.5504304376048706,-1.1178289088999882,0.8861566797836139,0
-2.1831557374536583,0.43860192871508774,-1.9480618295210923,0.24475780256009652,1.1647707595561814,1.7398031658954505,2.0460453555447335,-1.957618717813685,-3.8134228414978426,1.8882627756093866,1
3.4213320212290457,-0.16867416315210737,0.07453516035211694,-0.9240938470341852,0.7639693639554122,-1.3159085227198424,-0.6045483617065783,-1.148954339398182,-1.032193492727182,-2.8725063127025674,1
3.9223903175970385,-3.4105231766243924,-1.0440235346439826,0.6593263896373783,1.3364025577968652,-1.262302563235714,-1.8720236332340656,-1.9071918483422468,3.6109632452861153,-1.1071155284896137,1
-1.838862914623263,-0.6758374981699272,-0.7692449466354794,-0.6058355369852093,0.8635343914164162,1.3982932900907792,-0.37083434769701507,0.47318281957189356,1.2840712823133025,2.8953926206985625,0
-1.1279357879699003,-0.7428879619856491,0.1429859410107479,2.098947572309178,1.7735132034845027,-0.10321877490245623,0.5142366992601154,2.7239496363151456,0.29990071281680164,1.1267500306143579,1
-8.04551961073428,-2.11981977413968,-4.757073920840439,-0.3772164630269871,-2.3725599486438185,-0.38173631299300226,3.3262290136949173,1.9190564657865372,-1.8455595715542543,-1.4980639228558434,0
-2.055121202952723,0.19575103035029534,-0.5389372566725996,0.9827040480955062,-1.2654979858677968,0.7884767629523624,1.2079126099874666,-0.8484044878165649,-0.5253375190200225,0.675679576504056,0
-3.412192550207965,-0.9246750006763365,-1.094560763564603,-1.6958810957443906,1.057920214422092,0.8732292407696498,1.8155616279375595,2.4619144959245,-0.9781006847666831,-0.15683127413634335,1
-1.1372422615367437,-6.389599350801333,-2.1286470550110534,0.27791704529464506,0.12844459752175963,0.0722383989322204,1.4048654325122962,-0.916750776462371,6.134330242282156,-0.01211636883726519,0
-5.393846784930613,-0.6813239406346919,-1.0874291887567984,-1.6247234204515963,0.06984668167960462,2.170545585813878,4.03237842691323,1.5538880005159057,-2.1397677294807527,-0.27988335164702693,0
-4.459020703679122,1.5883292069640684,-1.3708147739137606,0.39320078173804046,-0.6614094542235287,4.2160379117076285,-0.28465735612136744,0.15457868484647208,-1.2839507909820993,0.1901150312303881,0
-2.9639351170003283,-0.4060187631138775,0.573793081085122,0.034362991271670515,0.131350643396146,3.117054904412171,2.768761613547092,0.19743110077753356,-0.14072624292764913,0.11345920001731624,1
0.2953760910431075,-2.7544633465384316,-0.10714280122962394,0.054803727917169524,0.663477701893906,1.2169230798540178,1.1841438313332626,-1.9183871742786511,2.9058721555677343,1.477213749091832,0
0.11729848141187343,-0.5644996658140545,0.7562347097449653,0.4400362904981885,1.5029985910270756,-0.22380965926505536,0.2546325881389171,1.9963080908792887,0.6028238928173928,0.53863621447151,1
3.8970954771415434,-1.0149119743735815,-0.7465107916525524,-0.15723272230742447,3.2865577287785057,0.737038382669009,-2.9150281580920554,-0.5671299213277187,0.5248646676478835,-2.266989304087946,1
0.4972250045154953,0.25853630881079354,-0.37564463430835493,-1.2260359206873737,3.121222952738151,-0.924414720063581,1.200262393373273,1.230705967074305,-3.4534966383444243,1.120304171255231,1
-4.271474443693628,-0.1997319991363038,-1.7806512843287343,0.05246135495478607,-1.2271181764334487,3.1559535366677616,0.16973250081191327,-0.6571015960747841,0.7408482925051187,1.2181111345960605,0
-3.002824387719854,0.6208949326708445,-0.12318009568196076,-0.6590177956373005,0.46519822348463435,2.7460422651446943,0.31094261002116375,1.1657698332547044,-0.12645587662466584,1.4270804573499063,1
-2.3247821517282974,0.5577133381856922,-1.5209919178036555,0.6771812227278482,-2.6421702097096453,0.1111959881050455,-1.6048417059287514,-0.11854819504743042,1.0027044528540383,0.011066805518240241,0
-1.3912533484038114,-2.5191129040807043,-1.8664840002856815,-1.7337870765438679,0.32707852680147265,1.7085597399065289,2.933797231577577,-2.639378920909931,-0.5577740292862019,-1.3230741798209844,0
-0.5210951371085232,1.562928676045913,1.9002774046179653,0.478425072249476,0.971708282856877,1.9174839831856176,5.286676704050006,-2.378605252917935,-4.876728666769729,1.4486342702683197,0
-2.1925532491858615,0.05652497114714061,-1.5096813305985544,0.7962282971100936,1.3091574613997907,1.1748097759180502,0.9660662212326597,-0.18505570833751617,-1.9581860163928377,2.379626093079446,1
-3.6807417623183762,1.5671448262985626,1.7072469726041652,-1.8050602651350813,-2.200003625847768,0.06974615242920057,2.6963134784697482,2.4483821870674882,-0.9463921014314272,0.5562735665617001,0
-1.5526846065403377,2.1794932653995254,1.350721626746962,-0.25229150925071564,-0.49814721331734135,2.471131208410965,2.88654181065829,-1.5882975447450243,-3.2207135656008887,0.8249933094675195,0
-4.6313650067318894,-0.25774725364229245,-0.7547127822333172,1.910138403897504,0.5984295148181332,3.244040605773504,3.083329688537824,0.7186046916367286,-1.6527969700818255,0.7832667309026067,1
1.2967802366590542,-2.274147862935231,-1.390378853898951,-0.002708125775158615,1.4807630611486822,0.5022119801648381,-2.0630982557866084,-0.8153474713815486,2.9219814792196184,0.6167764841520629,1
3.09455856337423,-2.55165252386461,-2.5608851127463073,-0.3504908086585306,1.3054630871101964,-3.722381030105986,-1.6622112337465085,-1.566701535032247,0.8194411679594794,0.8803656916860563,1
3.9153497506249555,-4.4378715573121195,-0.9158607145114386,-0.2773709194472913,0.5166939434326904,-4.798700320125546,0.6184357082537639,-1.5683140024363686,2.993139142450297,-0.09442891023245359,1
-1.3123162380525981,0.9677810475787397,-0.40476247070884186,0.8095472995755639,2.9268346617238263,0.22812367551990564,0.021422811692726196,2.972719258792872,-2.6448355364969927,1.776097930520812,1
2.722490354298292,-2.691872289831629,-0.8413897092562952,-0.5226916923419908,0.2845223812788127,-3.0830697988929794,-0.7121999713149365,-0.06723637938313731,2.0463163619112077,-2.1179299689742193,1
-1.618206684161903,-0.902505948463005,-0.39026983972805296,-0.40839632953604715,0.28169063264559124,-0.48185464548699386,-0.5406085120141746,2.2909103689387096,1.8266905470584947,1.6225477393056775,0
-0.18823900736646443,-1.3765512000526348,0.2547518602426355,-0.82496250180947,-0.9699654915053282,1.9904351183398332,-1.931967102949877,-0.2768814776393761,4.767183670393631,-0.37090392050006904,1
0.47397972820621603,-3.5341768907165414,-1.598912692933136,-0.21985035315439716,0.08199885254872641,-0.9563459812828811,-0.8633413553815943,0.11598023600406115,3.744093841696431,-1.5147175172966294,1
1.6936340628310913,2.9563146097381736,1.668010037849656,0.02974898680627074,-1.3531101730736759,-0.2677515146323213,1.4512599494742324,-3.5110104385233876,-3.3869007315807256,1.712059456061076,0
1.0399548057704422,-2.5718747001044457,-2.0353085238119464,-0.11243082043467863,0.03189382466597268,-2.6602988467779554,-0.052056670958439244,-0.7296811007325954,0.910710820548643,-0.9154751806854611,1
1.1470198822348607,-1.3982821450076206,1.5230574889348376,-0.24781980051675098,-0.12927480975554073,0.4906824432486293,2.0749191198884995,-0.9408537766597542,1.2755449615492704,-1.6734848152404211,1
-2.2023770191292322,1.086191407954295,-1.3815044203235947,-0.8254140616423656,-0.9136404378557268,1.6934892380350044,0.4716644693777512,-2.3066329919547917,-1.679389191101597,2.354789832826085,0
-5.77261374551149,-1.1054102176427434,-2.4705370974896477,0.9447350533449612,0.6656500826670508,2.9322187803770206,4.253337517260026,-0.5235201999407861,-2.7872154621122753,1.8230378550906492,1
0.7648190709979353,-1.4172509977603278,-0.03007696402033544,-0.733899366832089,0.301062063042401,-0.1206878473733366,0.2742923190135941,-0.4867171001567303,1.3547198318840687,-0.46618295472327986,0
-3.985483757869275,2.092122468352468,0.2324855728308024,0.533015935965817,-2.0746902995404604,1.4062120430346896,-1.6931184016322178,2.9020452807679655,1.1220107240377033,1.3729202677470198,0
2.1855046541847405,-0.35190633579279124,-1.125501374394159,-1.0139919577909713,1.6180316388424072,-0.7722830400944807,-0.28483942567674836,-1.7000575298537477,-1.8429447471955083,-0.3717607663012913,1
-6.012752375099299,0.647927163522283,-2.2965701338478626,-0.32034551382875776,-1.0807442955652458,1.8835492759267038,2.9238157389464856,-0.16734849357799553,-3.1760324546967276,2.1258666212710358,0
-0.8393162984850385,-0.6433623056788954,0.6506090854013804,-1.00128732761,0.41272835593717694,1.4124182693617444,1.7540007893807383,-0.07976668279267374,0.2425183999715177,0.010386523787305535,1
-0.5877846838641236,-1.6753313439431352,-0.9841421050128873,0.5576541412828186,-0.318201421849303,-0.829917263917199,0.8523257038999333,0.1584912748966224,0.6439850409344396,-1.2294465622419968,0
-4.999646615076356,-0.035942019962632486,-1.7572984093756263,0.8342192349245343,-2.3525650935934506,0.39825043059684373,0.20639047478012473,2.241177362492021,0.4324034709401081,-0.5675669134790233,0
-2.40120879121173,-0.16820235314458337,-1.329386516254596,0.17282950090304672,1.645390460797997,0.30400510235689704,0.2562039902021387,2.2606330285870313,-1.2726867021735362,1.3994637166905004,1
-2.4648995806501914,2.4746445148263185,-0.5371910090067473,-2.582956520676608,-0.9964620786747546,2.4703263050474638,0.7973093792575277,-1.934006966629748,-3.014753443036333,1.8033469740777543,0
-1.968749353567405,0.18581019295879073,-2.470683295776716,0.4094375543216383,0.7058164138416769,1.3689393279310988,-0.2758565896883213,-0.05213654860605377,-2.3369069139904135,-1.2888096746796058,1
-2.2410621373966535,-1.0275071402951226,-2.228440672936948,0.3278270075283829,0.06137472858343451,0.6135296163479782,3.0188524545664857,-1.5985669412648775,-2.984587904356406,-1.1587487999698074,0
-2.652180277075411,-0.8124833786658524,0.7444449640906372,1.5433881497051256,0.4269254205335935,2.9622810836843465,1.3188910491620587,-0.5061299689700633,2.5628763029898494,5.325354872252881,0
-2.4777008878917752,1.4936068987541613,-3.341631532226693,0.7655020108780308,3.607287008749811,-1.1510802040925752,-2.6323432001226506,3.7612880514685236,-3.7987515458878347,4.332039406916511,1
-0.15933695967451988,0.06174739176663108,-3.606797181881021,0.34906919842606743,0.1726648362895239,-0.8474166032370672,-2.7259196733061386,-0.19743993973072804,-1.836074244634704,-2.520528857250227,1
-0.7193033156797555,-2.1233339156278417,-0.34906510370880106,1.4042195681508858,-1.9592865035793272,-0.07313016175653597,0.23348119829584646,-0.24769066599684686,3.3027583011344874,-2.068290736486523,0
-2.577024564659857,-0.714303563484021,-1.044688211944569,0.6045758543227125,-1.6041877177507418,-0.4711230000553335,1.6488090098526165,-0.06413548774322564,-0.07280669409313412,0.3903512401490855,0
0.7711272686553613,-0.45864585533812174,-0.16626115256932894,1.2262628774354827,-3.0094964193819327,-4.8469566515704035,1.2089744452520081,-0.7804967973532302,-0.06290433899178793,0.050177474465576744,0
-4.377054285562028,-1.032124557264181,-1.3471484093440529,1.8625299518752712,1.1194816719988394,1.264418599274183,2.3195801288809874,2.778321344761208,-1.2286114961287393,0.031233464544602185,1
4.946676255483611,-3.771738017659371,-1.5246714547942712,0.11583414095460469,3.330399125790493,-2.6867863628234816,-1.5384496028736458,-0.8889375729941502,1.8409185473776617,-1.3701096488263296,1
-2.407751963868946,-1.4996256958949294,-0.7897417838321757,0.3519264099556772,0.06804604493786404,0.93119689708033,1.6704223760703711,0.596437847970681,0.607612515218978,0.09563605033993361,1
-3.7165445993088895,-1.6180604440009572,-1.1274510434853982,0.4126152897491881,-0.9639299021838676,2.2592801084902536,2.7171242728078857,-0.5355270332472337,0.43028766644666283,-0.6899215598834947,1
-2.610542322115164,0.4853755826923182,-2.0297075715388435,-0.7784709136737361,2.0393415540667394,1.012535287058038,0.6672958578999825,0.3814378633459333,-2.9632934384786647,3.303522898007069,1
-2.130146441863297,-0.06164556663539476,-1.1678238612334921,-0.4629169463296499,-0.2564762210285738,0.7801894436907575,1.460341572093642,-0.6738052458704247,-1.4850413134098077,0.6634194274785074,0
2.0040603327993574,0.9071257712427986,-0.08075569641316338,-1.2459101487503248,0.48232033984763634,1.134821974559586,0.017671828012290725,-4.39277169384942,-1.4681987991894594,2.5016451724587565,0
3.1931231054218685,-1.8942204051053073,-0.4700395241739377,-0.1843020367760882,1.391530218543699,-1.390809867927201,-1.1767540928636975,-1.108413945917471,1.5997051371449995,-0.3810638209963001,1
7.360778461310512,-2.590318475481149,-0.643833385016551,-0.4449646168258896,4.7840744149164305,-2.905056251788519,-1.7958863920985157,-1.9517677171604442,0.07640859616505646,-0.3868932862331377,1
-6.828346589645792,-2.6136038891306894,-4.04461290722986,0.429685497157801,-0.5710449171504186,1.7034003605624481,4.174557147949266,0.020530308199827818,-1.7831205912764103,-0.23517002097580963,0
6.732957651837323,-4.390268172526265,-1.6418634142878337,0.5471593531658243,3.294885095105071,-5.314907928709587,-0.668866723587306,-2.2715851936115055,1.2302329224830217,-0.10990931207755861,1
-1.284899437275748,3.3516977311054457,-0.1404223586665917,-1.228378129316358,-2.4625467847574414,0.555415232022445,-0.024861617590397067,-2.4371988933862023,-2.994659305946736,2.0078903680571893,0
-3.4215549408500534,0.5095079350440569,-1.5862445043995357,0.39222317587515637,-2.4859443596081636,0.9504937888260131,-0.6216996539004132,-0.22748809739587716,0.5675742778210713,0.6725196945984981,0
-3.1536152063872236,-0.6089943095236823,-1.0978135063818266,-1.655048735094523,-1.4906708937134092,3.4301677933194292,2.4605193509895136,-2.970248704891224,-0.30588327701892704,0.0372823881673634,1
-2.89695094917822,-1.4280448007071078,0.28758146316699307,0.11917176293511131,0.10860072513489982,1.7693641114459024,1.985579288869463,1.5924483569776062,1.5180730376444895,0.12665546900103253,1
-3.6052534553454447,-3.8763323210798424,-2.344279296802731,0.43850961555949847,-2.4113973204353467,-1.8762823352609284,1.574003237162588,1.232233001061029,3.4862616932932378,-0.8218181293583359,1
-2.439171134822962,0.824836001032173,-1.318836574439306,-1.3716170890432091,-1.1543661383615538,-0.4211374448582086,1.3797294314823727,-0.32270461882824797,-2.5399349338790014,0.6238395439002089,0
-0.8923592189402276,0.05030352919211108,-2.1902314605541697,-0.5196801076992001,1.906206158096817,-0.36830298069251866,0.04483617208920532,-0.43350277912788204,-2.5609903977246375,2.9452043932571934,1
0.5077545270635095,-0.6927290379699805,-0.1273101184378289,0.07899987275231969,-1.7016627411062353,-1.1413827700071024,0.3779150761632526,-0.7565099119206145,0.6941165354836143,-2.2571254294137653,1
0.58961307214108,-3.539781940291813,-1.255982895690062,2.256001259954969,1.3229176472027118,1.245713075539772,-0.7889638585313954,-1.5148210541518798,4.27090206697731,1.4467988014125097,0
0.3348562296044346,1.5458509723686298,1.498257385539023,-0.9710732291494764,-2.165594625974368,-3.3663563897239612,3.869354267476892,-1.038286085290131,-3.717470805361886,0.33153603864404224,0
-3.063592631084415,-0.2148607971898386,0.049697621114345836,1.0297695973542185,1.0019012404670582,2.4073952777272805,2.9084807596415576,1.0318147680485215,-1.6106399311548851,0.011212637942233705,1
-0.5193519686217886,-0.8608273750346662,-1.1805307901875417,0.604520217252354,-1.193233946167764,0.2100051402904033,-0.7355852394507756,-0.6458922364559085,1.2030187139429651,-1.7004318670952294,1
4.238583898511473,-1.967199153762477,-2.6612324041587145,-0.5627153535716726,4.025150365087178,-2.6188520115194205,-0.9506298460299385,-1.4413040329715274,-2.54829845369859,-1.1724986315004007,1
-4.858093580679158,2.113653305838401,0.16055716515398055,-0.30136353962453843,-1.3501290544593159,4.1421351025271695,1.8198252829511272,0.33473282880103095,-2.004279915982588,0.10776835002284357,0
3.933115009625083,0.8048263510915205,-0.8048269850612735,-0.754951223379768,2.82761948510708,1.149278954007201,-2.5499600170892336,-1.7909010983268332,-2.288461611327646,-2.7912284619977434,1
1.0952896443750932,-4.769543612940317,-0.5273598894926468,0.25760320474535875,1.7289374032899203,-0.583409075450773,3.2643672130488186,-1.4219395968452928,2.196751352097423,-0.4997803812670172,0
-0.1991432640499082,0.5106455062195776,0.08283361273858825,-1.7750388583948318,-0.5622932310739288,-1.638829784257636,-0.9487429450919558,2.2106951581396697,0.0433837996727362,-1.0355798617273653,0
-2.3755280181244967,0.4761980340729124,-1.3653731313134512,-0.7859105939206031,0.3157396006222637,1.3469726962501487,1.124362972952881,-0.0009150114345086724,-2.457132281197332,-0.27336942413464316,0
2.8976474196412134,0.8630662146075755,1.9364974436369065,-0.9275289408526682,4.977166877022839,-3.1711459146979246,-1.9030538334513283,6.456516649097727,-1.2045502171824556,1.0217046082494343,1
-3.0257919226872603,0.019968560190969254,-2.140803535349683,-0.19693217727735496,1.8083528443263877,1.1653413892598916,1.7437294091506081,0.05904899336038938,-3.2482874436936755,2.5390309710076173,1
-0.3548176192897433,1.360550873931771,-1.0107301911904987,-0.5254230231528007,3.2889092417093755,-0.4515914014480338,-0.7802641105567305,2.0278489644796043,-3.440622117692869,2.755945113991597,1
-1.3925106849778999,0.8889197681469237,1.0560793730928237,1.188472333019951,-2.071857213616578,0.2889913218656529,2.4669070315399257,-1.2087349887178045,-0.9243069857249855,0.634069035767603,1
-0.5830607247091809,-1.145695590913105,-1.071396353572252,-0.8474481848994326,1.435867397645489,0.8326113259700505,-0.8047187338149016,0.20750013156712066,1.2075511085142308,1.8799169404719422,0
5.358633955184957,-2.5842788293192314,-0.042154980623687166,-0.702638368059578,-0.1191613976194339,-5.282405008589008,-0.5949016347824596,-1.78882328829287,2.0098961589711024,-0.8819293122681247,1
1.2857378163127728,-1.2848074503773557,-1.2204922413211956,1.2166970151707817,-0.04975556688000382,-1.843739993466371,0.33340437823211433,-1.2451927322746679,-0.4166890358674571,-1.1750136017330308,1
-0.3919403835638466,-0.0361111534919283,0.3410626560455565,0.0331261847123887,1.347054013094515,1.0410008735592466,1.7432603983279709,-0.20270211318449283,-1.4497859754006643,0.6749406749396748,1
-0.8585839579044723,0.010744110786685154,-1.1962196010548363,-0.2406590214297884,-1.8065740940391457,-1.8684560804962236,0.3099566222217536,-0.7660388738396463,-0.5913853600406604,0.5155122096257362,0
-1.3501366247181277,1.2908304471646757,1.6417923025927648,0.05878882068933127,-1.4675101404435051,0.4250795975328876,-0.2355158690082555,1.7469332955753747,1.16505682552287,0.6080482997674921,0
-3.0575940329904783,2.6999563140958975,-0.4509443350495499,0.798130211195984,-1.8078609290989516,0.5914420757110668,2.0784799220317636,-1.042920482694378,-4.236097095495722,1.4665416423014217,0
-7.543656994157458,0.8650523918578695,-1.2211690966282196,-0.0626035240413795,-2.2716323539838013,0.8539448635619775,2.0669782084308173,3.3517216146783775,-0.8588280131754193,2.45572863908497,0
-3.3924958825713993,-0.4560398865472759,-1.7506866856682533,-1.3441651355805415,-0.8714528496921706,0.6971361486292853,-0.948156261142755,1.8120919603317793,1.147998039255766,0.19420601738449483,0
-2.705738111614212,-0.5133374274703478,-1.356707915094438,1.064634229172203,0.5788528841027089,1.9193645667487171,2.3460852882833656,-1.2186929746077215,-1.7306770298995453,1.5906093868496907,1
-3.2296948663898633,1.11078721463708,-0.5282318037713887,0.06773522396749894,0.17198113875861654,3.044137207194741,3.2730672147076207,-2.151170020648616,-3.407577532564291,2.560632312880994,0
2.2718722120206496,-1.9423369349956765,1.0846655389519229,-0.9568805396457304,1.0834567286567707,1.9941367985969816,-2.0223395243084417,-0.5605988555552212,4.886295359711799,-0.3969911184624536,1
2.2687557970439163,-2.5129834950924574,-0.915955113479891,-1.0593173140985128,0.784410197991016,-1.992026350396189,-0.6117308076389462,-0.5699965559005056,1.8843299851128261,-0.8656318133411063,1
3.7443334210758294,-1.173809300149492,0.5897663062682936,-1.7974081998867468,1.9460943866416827,0.47534628524900335,-0.7626278190185587,-1.9830195150024816,1.1055986702931306,-0.6136971054525755,1
-1.6884509480817247,-0.17769015768358726,0.6392289170834231,0.16111888877094604,-0.10844617840160053,0.7056138489822452,4.43042219045206,-1.1864600125847695,-2.322629981602991,0.9347706399889597,0
-3.0857642844233335,-0.11771349778353556,-0.9156854898169626,0.7305778694421504,0.34520413821272156,2.675945432235554,2.5224632918249164,-0.9618636980703374,-1.8177361391204963,0.8836772351792196,1
3.2996433687269007,-0.2973986615099421,0.6373632486251397,-1.4911654152489577,-0.20776683907248672,-1.2765140422943577,-0.17466957371665326,-1.1658355717912703,-0.33073914778594915,-3.88902427110638,1
2.851320734000808,-1.182223582960077,-0.5704317193954958,-0.6090060758127813,2.0389082817582285,1.1426527252494254,-3.463505338695474,-1.0655740781328094,2.8318531360466714,0.4414354498560795,1
-5.527866555894482,-1.4007693951000353,-2.308613463537884,-0.37015624826915244,-1.1242513249740358,3.6915585872738976,4.562214169296602,-2.3716607035467345,-1.8448536813582108,-0.1729670692879104,1
-2.5781349527037447,-1.3056000532338696,-0.8440906110911086,-0.574281877100275,-0.8350957821374128,1.9604807311226153,1.548899742907929,-1.0779312518126134,1.1456346693604909,0.6242314707405159,1
-1.613634960118846,-0.015340469723216925,-0.8712767151412746,0.012468437786390818,0.726003567044311,0.8839047809530572,3.4873259303979727,-2.3578151558469442,-3.332308878347321,2.489426674977687,0
-7.466679306210582,0.13188638763142543,-1.7209279349535136,-1.2651047581729025,-2.8898472907908834,-0.21179748564462786,0.9467063130471532,4.709320128915154,0.4461595042930663,0.33707418022264324,0
-3.492443543957279,0.2000746064745014,-1.9715104196682274,-1.2218217585403375,-1.5911764509775774,1.2362881286395941,-0.5669676739242988,0.01026936269290113,0.20974119975473537,0.6921911715900602,1
-4.7993567603147165,-1.3589884450127154,-1.188703940431478,-0.3297364500892954,-1.0281269884737734,3.413518383062539,3.3279916158613125,-0.9565187567015103,0.06973813386201044,0.10523868235706746,1
-3.395141393432636,-1.900331851389968,-1.2045803669609085,-0.7259717731705945,0.10018477195941533,1.6358627855412822,1.0595546834098115,-0.1741841493974534,2.3647420256949534,4.1752593557722815,0
1.7786586263228443,-0.12795885961304626,-1.2122293790304024,-0.4154640505802598,1.9864493704086885,1.608909255895714,-2.601635239401448,-0.6296330989741246,-0.17445754225413745,-2.0660162966896696,1
6.059130674587808,-2.440541916741581,0.842372322473331,-0.2088290484466722,2.1279339066177148,-1.3727960948123192,-2.1095740673599845,-2.400273423296485,3.662242804192884,0.6231819304642925,1
9.637803158563239,-2.9081115040633243,1.259961314153585,-0.005228638775243039,4.493929090626908,-3.096783607468505,-1.919274333598151,-1.9533342262210716,1.7307845695218778,-2.5369365615535697,1
-5.45463733362201,-1.7710164574870269,-0.9853306423580536,-0.9609660383210771,-0.9089411879646159,2.117341506111033,1.0522255764803763,3.366713124689782,2.597427279487211,-0.7294966402339367,1
-3.752816938812235,1.7515659551075464,-1.6903823903526258,-0.48632619933076493,-1.127211631908351,2.5247582844723624,0.08751028207061018,-0.9504347969056792,-2.163459848571312,1.4381819593221516,0
-0.6301949141397882,-0.6320756476554285,-0.7103071881033267,0.3682098857746827,-1.6015226321640674,-0.33322381240898613,-0.31069905879293147,-0.9343127136058674,1.4197991881757481,0.1871677101621435,0
-7.534118455157357,0.8141342118397525,-2.2847393694332343,0.6367760393291129,-2.601767796818137,2.6845099307620455,0.9771476412971039,1.5544327340922508,-0.6026760871912011,1.1541966997407251,0
1.9025018847885238,-0.5797521764497588,1.8204082318068475,1.9190163361802517,-0.012375000184586593,1.5659145294703003,-0.35638280915123155,-0.6798973311743464,2.4458923306207163,-1.9409293400940961,1
-7.337525208453525,1.2597485161366213,-0.8376866153058888,-0.4559254866183274,-3.2288258506138723,1.0233087181705953,2.689641336480661,2.734458432864119,-1.4853541006041433,0.49199933323731115,0
-1.1227918701501989,0.5093187869842167,-0.6226390907276961,-0.09579954801233108,1.1283240264695142,1.326641102779652,2.7663593498327366,-1.992405486795406,-3.582382232151757,1.71172691354074,0
6.954572276021403,-2.6430332655208777,0.00886469481299157,0.9218069222191294,3.392664291355574,-2.4358232924790544,-1.5744986144606283,-1.6722480557637553,1.0983696430637553,-2.5038172439368305,1
-1.4722213315098593,-2.316873647217252,-1.0821781013354017,-1.3506337584590082,-0.7423066769462536,-1.3108399301072304,2.5037623131143123,0.12022711248989504,0.3594498852761887,-1.1370986701430899,0
-0.27612211685989846,-2.766321704436318,-2.4080704008805527,-1.7432765013284433,-1.282821209479177,-2.812666261450489,-1.0736494375585863,0.1579745422348653,2.719955539768141,-0.5994544355809661,0
2.4217815105007743,-2.19199988770079,-1.576892501648369,-0.052603792212337894,0.9605411996285029,-2.0371692619231343,-0.7053437307856243,-1.4767805681980664,0.7958292364890951,-0.46383538856109985,1
-2.1079386754210567,-0.23742274278640454,-0.5510725291200307,0.30435676298479125,1.210487584965816,0.6284374585140644,0.6566373453504132,2.3381296767745052,-0.7948123038643086,0.039354877449640835,1
2.501160676300343,-1.530976864368168,-1.453277447434421,-1.348713842208203,1.0412102542452952,-0.308425358100086,-2.645379863306365,-1.149705000924232,1.7512007274286818,-1.4328310426674316,1
-3.862308038820626,1.6798533328458094,0.5741912452582407,0.7821988212372871,-4.073829449822346,0.8096352913715937,1.040232871772691,0.5010706006774419,0.223616692952334,-0.24705860444295014,0
1.9799565597619986,-5.805558558611703,-1.31891521653943,0.7330413348789147,2.5868229551069506,-0.0605548007961505,1.772797185077791,-2.594548607167515,4.003169628605697,1.2034086726855564,0
2.5777019856149264,-2.475700674709177,-1.2485963944189045,0.7696328130471406,-0.09761907499034095,-2.7327531683738293,-1.170107011415642,-0.5766803800676117,1.9722976334697735,-2.431678851606354,1
0.31602548885113957,-0.53625433915362,-2.8256441499820175,-0.3257539990617314,0.9122789908508081,-1.602454617183309,0.01772636777861014,-0.44201971557687225,-3.2704586423690545,-2.648040790523914,1
1.9921389172148158,-1.8031843048308636,-0.63140582067026,0.4163508264079248,1.677685148616796,-0.21545915944517446,-0.13973714801356596,-0.9642905145022291,0.6341651063230191,-0.886616753142149,1
-2.2681464169151915,0.05104605607298323,-0.5988544717001156,-0.748068252087738,-3.8963271088436464,0.23244463522616687,0.027623763255449685,-0.04621976760958879,1.1745067314100266,-3.7505876396398543,1
-2.9149264782743067,-1.1919703445659453,-0.36856931736549514,-1.3363904908480218,-1.059916854902729,2.2060180190918612,-1.948985441849624,0.8240555303775376,5.3163498097387905,3.7203031510349436,0
-1.2788168743951858,1.9417540008416188,1.785030356415243,0.5175361771957289,-1.271876398483005,4.589088991561606,-0.5128660555220967,-0.15929183868654917,0.6589189542676085,-2.598099651890239,1
-4.385889807637818,-0.7785694688498296,-2.3427139326408017,0.8572554326435291,-0.6828205821445068,2.888081763920005,2.5787562340630767,-1.9960956570123645,-1.4315568222243087,1.0300023170122101,1
-3.1250024707441946,0.9931070338862594,-2.8873592213710224,-0.8061076734223602,2.656353752494492,0.37346848292079216,-0.053876940663323936,1.747008621682488,-4.260745156681251,2.977421025501121,1
0.12220516514864456,-0.039374255001991654,0.22071373169371622,0.24820901942347595,-1.456653737733337,-1.8438284354634376,2.011286057643672,-1.3548743975908002,-1.0316190568077122,0.5323086722334163,0
-1.993137223871093,0.04460461968182467,-0.19118070336937,0.5806673203442391,3.4909213328599713,-1.1986119856922732,-1.1781812132052099,6.895877734343,-0.43609023801136804,1.6574023453370779,1
-12.2729114502422,-2.408829804993339,-4.7398994091563935,1.390456330030163,-3.5157255740717748,3.301767454321242,3.976940054649887,1.9962025967061505,0.6682616109326082,1.290005851211798,0
-6.1751147587318584,-0.35025548858201405,-3.1035290292818316,-1.3916956136314147,-0.23551272603554252,2.7573344389727628,0.955137956526338,0.8840787449739156,-1.0815227353169687,1.7213279207471868,1
2.9573979278295384,-1.4445044452662696,-0.3220601096039629,-0.22421555060518417,1.3339601148835314,-1.1806038630239188,-0.8177186755487169,-0.6091393107034376,0.6344755633306784,-1.8643186497531548,1
-6.513720780380501,-1.4450628086802846,-2.2924654303441976,0.09205242416181308,-1.382112302550405,1.2938886541926644,1.7769073061277583,2.0344601269499387,0.9601800143314619,1.6808951175183044,0
-2.2081303987836907,0.9432380869427126,-1.3493893776055614,-0.8782289196584043,-2.542999683786641,0.8615891720621746,-1.9509388747894483,-0.4994652225241939,1.0084966826793638,0.21470678717371283,0
-6.889117437342935,-2.6485281834503436,-3.6744616991813333,0.04808444843441424,-1.7841744733483713,2.228731437086421,3.238259598238006,-0.35224491677954695,0.17384030995648692,-0.23842738694094812,0
1.482345635154285,-1.0237465600225204,-1.9905147409782362,1.3239542988866133,0.27558950872990007,-1.728772495192232,-1.5078148443276302,-1.1031683665369014,-0.01873065968531873,-0.6871859323825655,1
-2.3070302355057484,-0.07160211409303885,-0.007008008651222308,0.9599450497226414,1.963486693287146,0.1793702427298427,-0.8104129082253728,4.889260031297311,0.5882705097402299,1.2123382275492374,1
-0.8688327815194362,1.2335768308064154,-0.42505968270618644,-0.7384172505417148,-1.1289380861080947,2.1268044197392473,-0.7889288693325414,-2.2626691394260483,-0.14363923727382644,1.2915903053409907,0
3.2934406458834213,-3.6822355396849025,-3.6540395100129257,-0.11849953350665043,2.921493299089452,-3.2783004243852942,-2.0548979434726524,-0.7684585548839562,0.610387428725149,-1.102616563660764,1
-8.513755951278522,-1.1985558716973574,-2.7905479053112994,0.06222184999036576,-2.3097684997801147,0.7343526171783713,2.1443776829156427,4.058362267525167,0.3328985429080288,0.08956565916157633,0
-4.124660624362801,-2.0217521257484243,-0.5121588940442774,0.30136947748703014,-3.8621612981721425,-0.24798721567468351,2.9979423468533026,0.6607709791327392,2.1788850865101788,-2.424140336382095,1
-0.7754358209431329,0.8909980552754849,1.576860746003688,1.120990319739804,-1.282590184407012,-0.0013754840043662675,1.8935727898484114,0.8171771385091178,-0.8939792225160559,-1.6380261280530215,0
1.5795697571650034,-2.225377546945678,-1.6346586753167305,-2.172423639102823,1.4159108569745236,0.3549486951387384,-2.021312044403612,-1.8277392467287135,2.6905002552392934,1.5991115697497005,1
-2.3928453916900003,-0.47382831899113187,-0.15462311114475558,0.13803635519893842,0.8845673043964613,0.7493595756921093,-0.13803885049684084,3.2264815414290453,0.9603259098576737,0.45285810585024733,1
-5.538648256662916,-1.1442323130817404,-1.8838106648292006,-0.05521790967287086,-2.0632032951074786,3.9634586781047547,2.6006153702739265,-1.4933453002359873,0.4132652577069136,-0.43352354592687226,1
